CE23-9 court: subject ec2965b6ef22889a0258778368c36433023a3d6e at /Users/sac/chatman-ecosystem
OK C1 the judging court (9 files) is byte-identical to HEAD
OK R1 the rendered court runs the release graph's 14 er:Gate members in er:gateOrder: ['subject-clean', 'projection-drift', 'manifest-refs', 'ci.crown.fast', 'ci.crown.test', 'ci.crown.cold-cache', 'ci.gall-crown', 'ci.release-control-plane', 'ci.old-estate-revops', 'imported-receipts', 'ci-dispositions', 'replay', 'exact-head-ci', 'chatman-stop']
COURT_RENDERED release/v26.9.23/out/scripts/crown_v26_9_23.sh (14 members)
COURT_IMPORT_OK name=fleet-classification sha256:d9e99f074ef2a8c994119681d9359ea1778e68333cc8da94b6b1c0aa44873636
COURT_IMPORT_OK name=legacy-v26.9.1 sha256:683a1cef30086c88453d73a0b9eb4b3c1f5a0fdfb17004a92e4e7842ec183170
COURT_IMPORT_OK name=court-references sha256:dce0ff43c89fa04063aa89e10884996e6c84fa4458a3711a9c1f6eee554d1f46
COURT_PROBE name=subject_sha output=ec2965b6ef22889a0258778368c36433023a3d6e
COURT_PROBE name=toolchain.ggen output=ggen 26.9.18
COURT_PROBE name=toolchain.python output=Python 3.14.3
COURT_PROBE name=toolchain.rustc output=rustc 1.97.1 (8bab26f4f 2026-07-14)
COURT_PROBE name=toolchain.cargo output=cargo 1.97.1 (c980f4866 2026-06-30)
COURT_GATE_RUN order=1 name=subject-clean
MEMBER subject-clean root=/Users/sac/chatman-ecosystem
MEMBER_ALIVE subject-clean head=ec2965b6ef22889a0258778368c36433023a3d6e base=c59596f5506e clean=True
COURT_GATE_PASS order=1 name=subject-clean
COURT_GATE_RUN order=2 name=projection-drift
MEMBER projection-drift root=/Users/sac/chatman-ecosystem
  OK release/v26.9.23: 13 generated files reproduce byte for byte (cold sync; second sync idempotent)
  OK release/v26.9.23/bench: 44 generated files reproduce byte for byte (cold sync; second sync idempotent)
  OK views/generated: PROJECTION_ALIVE count=2
  TYPED root ggen.toml (soc2-readiness-pack by the absolute path /Users/sac/ggen-marketplace/..., no templates/ dir): not a hermetic generator surface; `ggen sync run` refuses FM-CONFIG-004 already at base c59596f5 and no CI check runs it; SUCCESSOR (GC-26.9.24: vendor the pack by relative path)
MEMBER_ALIVE projection-drift 57 release-subject projections + views/generated
COURT_GATE_PASS order=2 name=projection-drift
COURT_GATE_RUN order=3 name=manifest-refs
MEMBER manifest-refs root=/Users/sac/chatman-ecosystem
  verify_release --release v26.9.23 --check-refs: components=2 refs={'external_exact': 0, 'github_advanced': 1, 'github_exact': 1, 'github_live': 2} manifest_sha256=aa1a2912b85895fda9d1bb48eb664530a9c84361f5e4ae72c07581ed27c7d2c3 standing=UNKNOWN (standing ALIVE is judged by chatman-stop, not here)
MEMBER_ALIVE manifest-refs exit=0
COURT_GATE_PASS order=3 name=manifest-refs
COURT_GATE_RUN order=4 name=ci.crown.fast
CI_JOB_HOST_SHIM the host's python3 resolves `tests` to /opt/homebrew/lib/python3.14/site-packages/tests/__init__.py, which shadows the repository's tests/ namespace directory (`python3 -m unittest tests.<module>` cannot import it); PYTHONPATH leads with a scratch tests package whose __path__ is /Users/sac/chatman-ecosystem/tests
CI_JOB .github/workflows/crown.yml#fast name='Fast constitutional gates' head=ec2965b6ef22889a0258778368c36433023a3d6e steps=8
CI_JOB_SKIP_USES step=1 uses=actions/checkout@d23441a48e516b6c34aea4fa41551a30e30af803
CI_JOB_SKIP_USES step=2 uses=dtolnay/rust-toolchain@032958afbdc797a9164d3bc0b56325c1308924a5
CI_JOB_SKIP_USES step=3 uses=Swatinem/rust-cache@e18b497796c12c097a38f9edb9d0641fb99eee32
CI_JOB_STEP step=4 name='cargo fmt --all -- --check' cwd=.
CI_JOB_STEP_PASS step=4 name='cargo fmt --all -- --check'
CI_JOB_STEP step=5 name='cargo clippy --locked --workspace --all-targets --all-features -- -D warnings' cwd=.
[1m[92m    Checking[0m chatman-ecosystem-gall v0.1.0 (/Users/sac/chatman-ecosystem/crates/gall)
[1m[92m    Checking[0m hditc v26.8.23 (/Users/sac/chatman-ecosystem/crates/hditc)
[1m[92m    Checking[0m ecosystem-core v26.8.23 (/Users/sac/chatman-ecosystem/crates/ecosystem-core)
[1m[92m    Checking[0m ecosystem-runtime v26.8.23 (/Users/sac/chatman-ecosystem/crates/ecosystem-runtime)
[1m[92m    Checking[0m ecosystem-cli v26.8.23 (/Users/sac/chatman-ecosystem/apps/ecosystem-cli)
[1m[92m    Finished[0m `dev` profile [unoptimized + debuginfo] target(s) in 1.90s
CI_JOB_STEP_PASS step=5 name='cargo clippy --locked --workspace --all-targets --all-features -- -D warnings'
CI_JOB_STEP step=6 name='cargo run --locked --quiet -p ecosystem-cli --bin ecosystem -- catalog validate' cwd=.
CATALOG_ALIVE
CI_JOB_STEP_PASS step=6 name='cargo run --locked --quiet -p ecosystem-cli --bin ecosystem -- catalog validate'
CI_JOB_STEP step=7 name='cargo run --locked --quiet -p ecosystem-cli --bin ecosystem -- architecture check' cwd=.
ARCHITECTURE_GATES_ALIVE
CI_JOB_STEP_PASS step=7 name='cargo run --locked --quiet -p ecosystem-cli --bin ecosystem -- architecture check'
CI_JOB_STEP step=8 name='cargo run --locked --quiet -p ecosystem-cli --bin ecosystem -- projection check' cwd=.
PROJECTION_ALIVE count=2
CI_JOB_STEP_PASS step=8 name='cargo run --locked --quiet -p ecosystem-cli --bin ecosystem -- projection check'
CI_JOB_PASS .github/workflows/crown.yml#fast head=ec2965b6ef22889a0258778368c36433023a3d6e
COURT_GATE_PASS order=4 name=ci.crown.fast
COURT_GATE_RUN order=5 name=ci.crown.test
CI_JOB_HOST_SHIM the host's python3 resolves `tests` to /opt/homebrew/lib/python3.14/site-packages/tests/__init__.py, which shadows the repository's tests/ namespace directory (`python3 -m unittest tests.<module>` cannot import it); PYTHONPATH leads with a scratch tests package whose __path__ is /Users/sac/chatman-ecosystem/tests
CI_JOB .github/workflows/crown.yml#test name='Full behavior and negative fixtures' head=ec2965b6ef22889a0258778368c36433023a3d6e steps=12
CI_JOB_SKIP_USES step=1 uses=actions/checkout@d23441a48e516b6c34aea4fa41551a30e30af803
CI_JOB_SKIP_USES step=2 uses=dtolnay/rust-toolchain@032958afbdc797a9164d3bc0b56325c1308924a5
CI_JOB_SKIP_USES step=3 uses=Swatinem/rust-cache@e18b497796c12c097a38f9edb9d0641fb99eee32
CI_JOB_STEP step=4 name='Execute v2030.1.1 definition-of-done court' cwd=.
V2030_DEFINITION_OF_DONE_ALIVE
CI_JOB_STEP_PASS step=4 name='Execute v2030.1.1 definition-of-done court'
CI_JOB_STEP step=5 name='Run Python control-plane fixtures' cwd=.
test_all_mandatory_modules_alive_graduates (test_agi_academy.AgiAcademyTest.test_all_mandatory_modules_alive_graduates) ... ok
test_canonical_manifest_is_valid (test_agi_academy.AgiAcademyTest.test_canonical_manifest_is_valid) ... ok
test_dependency_cycle_invalidates_manifest (test_agi_academy.AgiAcademyTest.test_dependency_cycle_invalidates_manifest) ... ok
test_missing_module_evidence_is_partial_alive (test_agi_academy.AgiAcademyTest.test_missing_module_evidence_is_partial_alive) ... ok
test_terminal_authority_violation_refuses (test_agi_academy.AgiAcademyTest.test_terminal_authority_violation_refuses) ... ok
test_unknown_dependency_invalidates_manifest (test_agi_academy.AgiAcademyTest.test_unknown_dependency_invalidates_manifest) ... ok
test_clean_tree_produces_no_findings (test_audit_stubs_wip.AuditStubsWipTests.test_clean_tree_produces_no_findings) ... ok
test_excludes_self_and_audits_dir (test_audit_stubs_wip.AuditStubsWipTests.test_excludes_self_and_audits_dir) ... ok
test_finds_mock_pattern_only_under_tests_dir (test_audit_stubs_wip.AuditStubsWipTests.test_finds_mock_pattern_only_under_tests_dir) ... ok
test_finds_rust_stub_macros (test_audit_stubs_wip.AuditStubsWipTests.test_finds_rust_stub_macros) ... ok
test_finds_todo_marker_in_source_file (test_audit_stubs_wip.AuditStubsWipTests.test_finds_todo_marker_in_source_file) ... ok
test_ignores_non_source_suffixes (test_audit_stubs_wip.AuditStubsWipTests.test_ignores_non_source_suffixes) ... ok
test_render_reports_alive_status_when_clean (test_audit_stubs_wip.AuditStubsWipTests.test_render_reports_alive_status_when_clean) ... ok
test_render_reports_partial_alive_and_lists_findings (test_audit_stubs_wip.AuditStubsWipTests.test_render_reports_partial_alive_and_lists_findings) ... ok
test_authority_must_deny_do (test_bfcc.BfccManifestTest.test_authority_must_deny_do) ... ok
test_canonical_catalog_is_valid (test_bfcc.BfccManifestTest.test_canonical_catalog_is_valid) ... ok
test_fuller_laundering_refused_when_projection_restates_principle (test_bfcc.BfccManifestTest.test_fuller_laundering_refused_when_projection_restates_principle) ... ok
test_missing_gate_falsifier_is_refused (test_bfcc.BfccManifestTest.test_missing_gate_falsifier_is_refused) ... ok
test_receipt_required_fields_must_be_non_empty (test_bfcc.BfccManifestTest.test_receipt_required_fields_must_be_non_empty) ... ok
test_averaged_failed_gate_refused_when_standing_claims_alive (test_bfcc.BfccReceiptTest.test_averaged_failed_gate_refused_when_standing_claims_alive) ... ok
test_complete_receipt_reaches_bfcc_alive (test_bfcc.BfccReceiptTest.test_complete_receipt_reaches_bfcc_alive) ... ok
test_incomplete_receipt_is_bfcc_partial (test_bfcc.BfccReceiptTest.test_incomplete_receipt_is_bfcc_partial) ... ok
test_missing_inventory_refused (test_bfcc.BfccReceiptTest.test_missing_inventory_refused) ... ok
test_standing_transferred_refused_on_subject_mismatch (test_bfcc.BfccReceiptTest.test_standing_transferred_refused_on_subject_mismatch) ... ok
test_unfalsified_synergy_claim_refused_when_sigma_evidence_empty (test_bfcc.BfccReceiptTest.test_unfalsified_synergy_claim_refused_when_sigma_evidence_empty) ... ok
test_slope_negative_hand_computed (test_bfcc_benchmark.DegradingDirectionTest.test_slope_negative_hand_computed) ... ok
test_slope_zero_hand_computed (test_bfcc_benchmark.FlatDirectionTest.test_slope_zero_hand_computed) ... ok
test_slope_positive_hand_computed (test_bfcc_benchmark.ImprovingDirectionTest.test_slope_positive_hand_computed) ... ok
test_single_receipt_is_insufficient (test_bfcc_benchmark.InsufficientDataDirectionTest.test_single_receipt_is_insufficient) ... ok
test_zero_receipts_for_class_never_appear (test_bfcc_benchmark.InsufficientDataDirectionTest.test_zero_receipts_for_class_never_appear) ... ok
test_lambda_insufficient_when_canonical_information_delta_absent (test_bfcc_benchmark.LambdaTrimtabLeverageTest.test_lambda_insufficient_when_canonical_information_delta_absent) ... ok
test_lambda_uses_canonical_information_delta_when_present (test_bfcc_benchmark.LambdaTrimtabLeverageTest.test_lambda_uses_canonical_information_delta_when_present) ... ok
test_known_three_point_series (test_bfcc_benchmark.LeastSquaresSlopeArithmeticTest.test_known_three_point_series) ... ok
test_noisy_series_hand_computed (test_bfcc_benchmark.LeastSquaresSlopeArithmeticTest.test_noisy_series_hand_computed) ... ok
test_dev_null_via_main_does_not_crash (test_bfcc_benchmark.MissingOrEmptyLedgerTest.test_dev_null_via_main_does_not_crash) ... ok
test_empty_ledger_file_reports_insufficient_data_cleanly (test_bfcc_benchmark.MissingOrEmptyLedgerTest.test_empty_ledger_file_reports_insufficient_data_cleanly) ... ok
test_missing_ledger_file_reports_insufficient_data_cleanly (test_bfcc_benchmark.MissingOrEmptyLedgerTest.test_missing_ledger_file_reports_insufficient_data_cleanly) ... ok
test_nonexistent_path_via_main_does_not_crash (test_bfcc_benchmark.MissingOrEmptyLedgerTest.test_nonexistent_path_via_main_does_not_crash) ... ok
test_catalogs_and_projections_are_exact (test_capabilities.CapabilityCatalogTests.test_catalogs_and_projections_are_exact) ... ok
test_dependency_graph_refuses_missing_and_cycle (test_capabilities.CapabilityCatalogTests.test_dependency_graph_refuses_missing_and_cycle) ... ok
test_do_requires_broker_and_receipt (test_capabilities.CapabilityCatalogTests.test_do_requires_broker_and_receipt) ... ok
test_repository_owner_must_be_declared (test_capabilities.CapabilityCatalogTests.test_repository_owner_must_be_declared) ... ok
test_surface_semantics_are_closed_across_cli_api_mcp_a2a (test_capabilities.CapabilityCatalogTests.test_surface_semantics_are_closed_across_cli_api_mcp_a2a) ... ok
test_all_four_surfaces_preserve_same_capability_semantics (test_capability_control.CapabilityControlTests.test_all_four_surfaces_preserve_same_capability_semantics) ... ok
test_dfcm_do_requires_dependency_closure_and_exact_authority (test_capability_control.CapabilityControlTests.test_dfcm_do_requires_dependency_closure_and_exact_authority) ... ok
test_dfcm_preserves_reversible_roots_without_selecting (test_capability_control.CapabilityControlTests.test_dfcm_preserves_reversible_roots_without_selecting) ... ok
test_unknown_capability_and_surface_refuse (test_capability_control.CapabilityControlTests.test_unknown_capability_and_surface_refuse) ... ok
test_public_custom_boundary_is_admitted (test_capability_ontology.CapabilityOntologyTests.test_public_custom_boundary_is_admitted) ... ok
test_public_prefix_drift_refuses (test_capability_ontology.CapabilityOntologyTests.test_public_prefix_drift_refuses) ... ok
test_public_redefinition_refuses (test_capability_ontology.CapabilityOntologyTests.test_public_redefinition_refuses) ... ok
test_surface_or_identity_law_drift_refuses (test_capability_ontology.CapabilityOntologyTests.test_surface_or_identity_law_drift_refuses) ... ok
test_noncanonical_identity_refuses_rdf_term (test_capability_rdf.CapabilityRdfTests.test_noncanonical_identity_refuses_rdf_term) ... ok
test_render_is_deterministic_and_complete (test_capability_rdf.CapabilityRdfTests.test_render_is_deterministic_and_complete) ... ok
test_committed_design_is_resolution_iv (test_ce23_12_courts.DoeCase.test_committed_design_is_resolution_iv) ... ok
test_os_factor_never_in_a_run (test_ce23_12_courts.DoeCase.test_os_factor_never_in_a_run) ... ok
test_toolchain_generated_by_cold_and_concurrency_drops_to_resolution_iii (test_ce23_12_courts.DoeCase.test_toolchain_generated_by_cold_and_concurrency_drops_to_resolution_iii) ... ok
test_handwritten_order_refused_by_the_court (test_ce23_12_courts.EndToEndCase.test_handwritten_order_refused_by_the_court) ... ok
test_committed_design_admitted (test_ce23_12_courts.InstrumentCase.test_committed_design_admitted) ... ok
test_every_removal_pattern_matches (test_ce23_12_courts.InstrumentCase.test_every_removal_pattern_matches) ... ok
test_lawful_discovery_tuple_admitted (test_ce23_12_courts.InstrumentCase.test_lawful_discovery_tuple_admitted) ... ok
test_native_split_law_sees_a_patch_id_leak (test_ce23_12_courts.InstrumentCase.test_native_split_law_sees_a_patch_id_leak) ... ok
test_os_column_refused_under_factor (test_ce23_12_courts.InstrumentCase.test_os_column_refused_under_factor) ... ok
test_overclaim_refused_under_standing (test_ce23_12_courts.InstrumentCase.test_overclaim_refused_under_standing) ... ok
test_bounds_agree_with_scipy_beta_quantile (test_ce23_12_courts.KernelCase.test_bounds_agree_with_scipy_beta_quantile) ... ok
test_committed_tables_equal_a_fresh_computation (test_ce23_12_courts.KernelCase.test_committed_tables_equal_a_fresh_computation) ... ok
test_yield_sizes_follow_the_closed_form (test_ce23_12_courts.KernelCase.test_yield_sizes_follow_the_closed_form) ... ok
test_zero_defect_bounds_match_the_operator_table (test_ce23_12_courts.KernelCase.test_zero_defect_bounds_match_the_operator_table) ... ok
test_engines_of_one_text_are_never_independent (test_ce23_12_courts.LawEncodingCase.test_engines_of_one_text_are_never_independent) ... ok
test_five_instruments_are_three_law_encodings (test_ce23_12_courts.LawEncodingCase.test_five_instruments_are_three_law_encodings) ... ok
test_a_blind_k1_in_the_subject_is_counted_as_escapes (test_ce23_12_courts.MutationSensitivityCase.test_a_blind_k1_in_the_subject_is_counted_as_escapes) ... ok
test_blinded_instruments_as_judges_let_every_unit_escape (test_ce23_12_courts.MutationSensitivityCase.test_blinded_instruments_as_judges_let_every_unit_escape) ... ok
test_control_tree_admitted_by_every_real_instrument (test_ce23_12_courts.MutationSensitivityCase.test_control_tree_admitted_by_every_real_instrument) ... ok
test_each_unit_refused_by_its_instrument_and_admitted_by_the_blinded_one (test_ce23_12_courts.MutationSensitivityCase.test_each_unit_refused_by_its_instrument_and_admitted_by_the_blinded_one) ... ok
test_units_are_distinct_corrupted_subjects (test_ce23_12_courts.MutationSensitivityCase.test_units_are_distinct_corrupted_subjects) ... ok
test_exact_head_receipt_admitted (test_ce23_12_courts.ReceiptAdmissionCase.test_exact_head_receipt_admitted) ... ok
test_kappa_undefined_without_both_classes (test_ce23_12_courts.ReceiptAdmissionCase.test_kappa_undefined_without_both_classes) ... ok
test_operational_claim_refused (test_ce23_12_courts.ReceiptAdmissionCase.test_operational_claim_refused) ... ok
test_stale_subject_refused (test_ce23_12_courts.ReceiptAdmissionCase.test_stale_subject_refused) ... ok
test_varied_os_refused (test_ce23_12_courts.ReceiptAdmissionCase.test_varied_os_refused) ... ok
test_committed_pins_other_than_the_judging_court_are_refused (test_ce23_1_court.ClauseCase.test_committed_pins_other_than_the_judging_court_are_refused) ... ok
test_config_key_outside_the_judged_schema_is_refused (test_ce23_1_court.ClauseCase.test_config_key_outside_the_judged_schema_is_refused) ... ok
test_contained_closed_world_subject_under_its_committed_court_is_admitted (test_ce23_1_court.ClauseCase.test_contained_closed_world_subject_under_its_committed_court_is_admitted) ... ok
test_import_as_absolute_symlink_to_identical_bytes_is_refused (test_ce23_1_court.ClauseCase.test_import_as_absolute_symlink_to_identical_bytes_is_refused) ... ok
test_read_path_not_committed_in_the_subject_is_refused (test_ce23_1_court.ClauseCase.test_read_path_not_committed_in_the_subject_is_refused) ... ok
test_committed_render_binds_the_classification_to_the_xaas_component (test_ce23_1_court.RenderCase.test_committed_render_binds_the_classification_to_the_xaas_component) ... ok
test_no_subject_is_refused_while_predecessor_holds (test_ce23_1_court.SubjectCase.test_no_subject_is_refused_while_predecessor_holds) ... ok
test_orphan_base_is_refused (test_ce23_1_court.SubjectCase.test_orphan_base_is_refused) ... ok
test_predecessor_change_is_refused (test_ce23_1_court.SubjectCase.test_predecessor_change_is_refused) ... ok
test_uncommitted_predecessor_edit_is_refused (test_ce23_1_court.SubjectCase.test_uncommitted_predecessor_edit_is_refused) ... ok
test_decision_in_the_graph_alone_is_refused (test_ce23_2_court.DecisionCase.test_decision_in_the_graph_alone_is_refused) ... ok
test_no_decision_is_admitted_and_none_exists (test_ce23_2_court.DecisionCase.test_no_decision_is_admitted_and_none_exists) ... ok
test_observation_reproduces_the_committed_import (test_ce23_2_court.ObserverCase.test_observation_reproduces_the_committed_import) ... ok
test_committed_manifest_is_a_function_of_16_roles (test_ce23_2_court.PredecessorCase.test_committed_manifest_is_a_function_of_16_roles) ... ok
test_duplicated_required_role_is_ambiguous (test_ce23_2_court.PredecessorCase.test_duplicated_required_role_is_ambiguous) ... ok
test_role_with_two_components_is_ambiguous (test_ce23_2_court.PredecessorCase.test_role_with_two_components_is_ambiguous) ... ok
test_basename_collision_is_ambiguous (test_ce23_2_court.RuleCase.test_basename_collision_is_ambiguous) ... ok
test_committed_inputs_derive_every_row (test_ce23_2_court.RuleCase.test_committed_inputs_derive_every_row) ... ok
test_court_executed_unclassified_role_is_undecidable (test_ce23_2_court.RuleCase.test_court_executed_unclassified_role_is_undecidable) ... ok
test_altered_legacy_sha_is_refused (test_ce23_2_court.TotalityCase.test_altered_legacy_sha_is_refused) ... ok
test_committed_render_is_total (test_ce23_2_court.TotalityCase.test_committed_render_is_total) ... ok
test_double_provenance_is_refused (test_ce23_2_court.TotalityCase.test_double_provenance_is_refused) ... ok
test_duplicated_row_is_refused (test_ce23_2_court.TotalityCase.test_duplicated_row_is_refused) ... ok
test_empty_reason_is_refused (test_ce23_2_court.TotalityCase.test_empty_reason_is_refused) ... ok
test_foreign_row_is_refused (test_ce23_2_court.TotalityCase.test_foreign_row_is_refused) ... ok
test_untyped_boundary_is_refused (test_ce23_2_court.TotalityCase.test_untyped_boundary_is_refused) ... ok
test_a_git_object_store_open_is_blind (test_ce23_7_probe.ProbeBlindTests.test_a_git_object_store_open_is_blind) ... ok
test_an_off_host_socket_is_blind (test_ce23_7_probe.ProbeBlindTests.test_an_off_host_socket_is_blind) ... ok
test_an_unrelated_child_process_is_blind (test_ce23_7_probe.ProbeBlindTests.test_an_unrelated_child_process_is_blind) ... ok
test_judge_reads_refuses_a_read_before_it_reports_a_blind_spot (test_ce23_7_probe.ProbeBlindTests.test_judge_reads_refuses_a_read_before_it_reports_a_blind_spot) ... REFUSED[SILENT_V26_9_1_READ] T: tool targeting v26.9.23 opened /Users/sac/.cache/tmp/tmp19czoug9/release/v26.9.1/manifest.toml
ok
test_native_code_is_blind (test_ce23_7_probe.ProbeBlindTests.test_native_code_is_blind) ... ok
test_a_byte_copy_of_a_predecessor_file_is_a_read_outside_the_target_line (test_ce23_7_probe.ProbeReadTests.test_a_byte_copy_of_a_predecessor_file_is_a_read_outside_the_target_line) ... ok
test_a_child_process_naming_the_predecessor_is_a_read (test_ce23_7_probe.ProbeReadTests.test_a_child_process_naming_the_predecessor_is_a_read) ... ok
test_a_clean_target_read_is_neither_read_nor_blind (test_ce23_7_probe.ProbeReadTests.test_a_clean_target_read_is_neither_read_nor_blind) ... ok
test_a_directory_listing_of_the_predecessor_is_a_read (test_ce23_7_probe.ProbeReadTests.test_a_directory_listing_of_the_predecessor_is_a_read) ... ok
test_a_url_naming_the_predecessor_is_a_read (test_ce23_7_probe.ProbeReadTests.test_a_url_naming_the_predecessor_is_a_read) ... ok
test_an_open_under_the_predecessor_line_is_a_read_wherever_it_lives (test_ce23_7_probe.ProbeReadTests.test_an_open_under_the_predecessor_line_is_a_read_wherever_it_lives) ... ok
test_any_component_naming_the_predecessor_is_a_read (test_ce23_7_probe.ProbeReadTests.test_any_component_naming_the_predecessor_is_a_read) ... ok
test_failing_step_refuses (test_ce23_9_court.CiJobCase.test_failing_step_refuses) ... ok
test_github_rate_limit_is_an_infrastructure_edge_not_a_verdict (test_ce23_9_court.CiJobCase.test_github_rate_limit_is_an_infrastructure_edge_not_a_verdict) ... ok
test_invalid_workflow_yaml_is_a_typed_usage_error (test_ce23_9_court.CiJobCase.test_invalid_workflow_yaml_is_a_typed_usage_error) ... ok
test_job_if_false_in_pull_request_context (test_ce23_9_court.CiJobCase.test_job_if_false_in_pull_request_context) ... ok
test_runs_steps_at_head_with_context_and_env_file (test_ce23_9_court.CiJobCase.test_runs_steps_at_head_with_context_and_env_file) ... ok
test_secret_expression_is_unsupported_not_guessed (test_ce23_9_court.CiJobCase.test_secret_expression_is_unsupported_not_guessed) ... ok
test_skip_step_must_name_a_step_and_is_printed (test_ce23_9_court.CiJobCase.test_skip_step_must_name_a_step_and_is_printed) ... ok
test_tracked_mutation_refuses (test_ce23_9_court.CiJobCase.test_tracked_mutation_refuses) ... ok
test_judge_types_each_member_and_continues_after_the_stop (test_ce23_9_court.GeneratedCourtCase.test_judge_types_each_member_and_continues_after_the_stop) ... ok
test_disposition_law (test_ce23_9_court.LawCase.test_disposition_law) ... ok
test_exact_head_law_on_the_real_base_checkruns (test_ce23_9_court.LawCase.test_exact_head_law_on_the_real_base_checkruns) ... ok
test_receipt_projection_names_gates_and_orders (test_ce23_9_court.LawCase.test_receipt_projection_names_gates_and_orders) ... ok
test_untyped_failure_pending_and_missing (test_ce23_9_court.LawCase.test_untyped_failure_pending_and_missing) ... ok
test_300_file_window_is_uncertain_not_dropped (test_ce23_9_court.UniverseCase.test_300_file_window_is_uncertain_not_dropped) ... ok
test_glob_semantics (test_ce23_9_court.UniverseCase.test_glob_semantics) ... ok
test_trigger_semantics (test_ce23_9_court.UniverseCase.test_trigger_semantics) ... ok
test_claim_standing_cannot_be_upgraded_by_presentation (test_challenger_value_contract.ChallengerValueContractTest.test_claim_standing_cannot_be_upgraded_by_presentation) ... ok
test_dfcm_preserves_frontier_and_zero_irreversible_selection (test_challenger_value_contract.ChallengerValueContractTest.test_dfcm_preserves_frontier_and_zero_irreversible_selection) ... ok
test_exact_integration_subjects (test_challenger_value_contract.ChallengerValueContractTest.test_exact_integration_subjects) ... ok
test_message_arc_and_revenue_process_are_separate (test_challenger_value_contract.ChallengerValueContractTest.test_message_arc_and_revenue_process_are_separate) ... ok
test_no_commercial_actuation_authority (test_challenger_value_contract.ChallengerValueContractTest.test_no_commercial_actuation_authority) ... ok
test_receipt_and_replay_are_bound (test_challenger_value_contract.ChallengerValueContractTest.test_receipt_and_replay_are_bound) ... ok
test_refusal_surface_names_high_risk_sales_claims (test_challenger_value_contract.ChallengerValueContractTest.test_refusal_surface_names_high_risk_sales_claims) ... ok
test_strategy_doctrine_is_exact_subject_bound_and_present (test_challenger_value_contract.ChallengerValueContractTest.test_strategy_doctrine_is_exact_subject_bound_and_present) ... ok
test_affidavit_exact_subject_with_owning_receipt_is_held (test_completion_fanout.CompletionFanoutTests.test_affidavit_exact_subject_with_owning_receipt_is_held) ... ok
test_all_active_non_release_fleet_is_represented (test_completion_fanout.CompletionFanoutTests.test_all_active_non_release_fleet_is_represented) ... ok
test_all_release_components_are_fanned_out_once (test_completion_fanout.CompletionFanoutTests.test_all_release_components_are_fanned_out_once) ... ok
test_autofde_alive_subject_is_held_not_reworked (test_completion_fanout.CompletionFanoutTests.test_autofde_alive_subject_is_held_not_reworked) ... ok
test_every_packet_is_powerless (test_completion_fanout.CompletionFanoutTests.test_every_packet_is_powerless) ... ok
test_exact_failure_becomes_repair_work_without_losing_receipt (test_completion_fanout.CompletionFanoutTests.test_exact_failure_becomes_repair_work_without_losing_receipt) ... ok
test_fdegym_exposes_non_alive_dependency_frontier (test_completion_fanout.CompletionFanoutTests.test_fdegym_exposes_non_alive_dependency_frontier) ... ok
test_gdmcp_is_a_typed_bootstrap_gap_not_a_substitute (test_completion_fanout.CompletionFanoutTests.test_gdmcp_is_a_typed_bootstrap_gap_not_a_substitute) ... ok
test_marketplace_exact_subject_with_owning_receipt_is_held (test_completion_fanout.CompletionFanoutTests.test_marketplace_exact_subject_with_owning_receipt_is_held) ... ok
test_plan_is_deterministic (test_completion_fanout.CompletionFanoutTests.test_plan_is_deterministic) ... ok
test_plan_validates (test_completion_fanout.CompletionFanoutTests.test_plan_validates) ... ok
test_runtime_blockers_are_not_promoted (test_completion_fanout.CompletionFanoutTests.test_runtime_blockers_are_not_promoted) ... ok
test_main_prints_valid_plan_json_and_exits_zero (test_completion_fanout.MainCliTests.test_main_prints_valid_plan_json_and_exits_zero) ... ok
test_main_release_only_excludes_portfolio_packets (test_completion_fanout.MainCliTests.test_main_release_only_excludes_portfolio_packets) ... ok
test_detects_alive_without_receipt (test_completion_fanout.ValidatePlanFindingTests.test_detects_alive_without_receipt) ... ok
test_detects_ambient_do_authority (test_completion_fanout.ValidatePlanFindingTests.test_detects_ambient_do_authority) ... ok
test_detects_build_broken_subject_drift (test_completion_fanout.ValidatePlanFindingTests.test_detects_build_broken_subject_drift) ... ok
test_detects_build_broken_without_evidence (test_completion_fanout.ValidatePlanFindingTests.test_detects_build_broken_without_evidence) ... ok
test_detects_duplicate_packet (test_completion_fanout.ValidatePlanFindingTests.test_detects_duplicate_packet) ... ok
test_detects_invalid_sha (test_completion_fanout.ValidatePlanFindingTests.test_detects_invalid_sha) ... ok
test_behavioral_clone_cannot_inherit_standing (test_construct_runtime.ConstructRuntimeProfileTests.test_behavioral_clone_cannot_inherit_standing) ... ok
test_canonical_profile_is_admitted_as_candidate (test_construct_runtime.ConstructRuntimeProfileTests.test_canonical_profile_is_admitted_as_candidate) ... ok
test_foreign_corpus_standing_is_refused (test_construct_runtime.ConstructRuntimeProfileTests.test_foreign_corpus_standing_is_refused) ... ok
test_non_ocel_first_handshake_is_refused (test_construct_runtime.ConstructRuntimeProfileTests.test_non_ocel_first_handshake_is_refused) ... ok
test_runtime_source_semantics_are_refused (test_construct_runtime.ConstructRuntimeProfileTests.test_runtime_source_semantics_are_refused) ... ok
test_scalar_creation_key_replacing_process_geometry_is_refused (test_construct_runtime.ConstructRuntimeProfileTests.test_scalar_creation_key_replacing_process_geometry_is_refused) ... ok
test_selector_space_wider_than_one_byte_is_refused (test_construct_runtime.ConstructRuntimeProfileTests.test_selector_space_wider_than_one_byte_is_refused) ... ok
test_transporting_query_text_is_refused (test_construct_runtime.ConstructRuntimeProfileTests.test_transporting_query_text_is_refused) ... ok
test_build_break_dominates_unknown_in_the_same_way_as_release_graph (test_crown_edge_aggregate.CrownEdgeAggregateTests.test_build_break_dominates_unknown_in_the_same_way_as_release_graph) ... ok
test_root_standing_cannot_be_manually_promoted_above_unknown_edges (test_crown_edge_aggregate.CrownEdgeAggregateTests.test_root_standing_cannot_be_manually_promoted_above_unknown_edges) ... ok
test_alive_with_exact_execution_evidence_is_admitted_but_crown_remains_unresolved (test_crown_edges.CrownEdgeTests.test_alive_with_exact_execution_evidence_is_admitted_but_crown_remains_unresolved) ... ok
test_alive_without_evidence_is_refused (test_crown_edges.CrownEdgeTests.test_alive_without_evidence_is_refused) ... ok
test_all_edges_alive_requires_crown_standing_to_match (test_crown_edges.CrownEdgeTests.test_all_edges_alive_requires_crown_standing_to_match) ... ok
test_authority_topology_cannot_be_expanded (test_crown_edges.CrownEdgeTests.test_authority_topology_cannot_be_expanded) ... ok
test_bcre_is_not_brce_without_equivalence_proof (test_crown_edges.CrownEdgeTests.test_bcre_is_not_brce_without_equivalence_proof) ... ok
test_blocked_cannot_claim_execution (test_crown_edges.CrownEdgeTests.test_blocked_cannot_claim_execution) ... ok
test_blocked_requires_reason (test_crown_edges.CrownEdgeTests.test_blocked_requires_reason) ... ok
test_brce_remains_exclusive_do_path (test_crown_edges.CrownEdgeTests.test_brce_remains_exclusive_do_path) ... ok
test_build_broken_requires_observed_execution (test_crown_edges.CrownEdgeTests.test_build_broken_requires_observed_execution) ... ok
test_build_broken_requires_reason (test_crown_edges.CrownEdgeTests.test_build_broken_requires_reason) ... ok
test_claim_ceiling_cannot_expand (test_crown_edges.CrownEdgeTests.test_claim_ceiling_cannot_expand) ... ok
test_crown_alive_with_unresolved_edges_is_refused (test_crown_edges.CrownEdgeTests.test_crown_alive_with_unresolved_edges_is_refused) ... ok
test_duplicate_edge_is_refused (test_crown_edges.CrownEdgeTests.test_duplicate_edge_is_refused) ... ok
test_duplicate_receipt_within_edge_is_refused (test_crown_edges.CrownEdgeTests.test_duplicate_receipt_within_edge_is_refused) ... ok
test_edge_cannot_acquire_ambient_do_authority (test_crown_edges.CrownEdgeTests.test_edge_cannot_acquire_ambient_do_authority) ... ok
test_evidence_authority_escalation_is_refused (test_crown_edges.CrownEdgeTests.test_evidence_authority_escalation_is_refused) ... ok
test_evidence_semantic_smuggling_is_refused (test_crown_edges.CrownEdgeTests.test_evidence_semantic_smuggling_is_refused) ... ok
test_exact_mandatory_set_is_admitted_but_not_crowned (test_crown_edges.CrownEdgeTests.test_exact_mandatory_set_is_admitted_but_not_crowned) ... ok
test_executed_sha_is_mandatory (test_crown_edges.CrownEdgeTests.test_executed_sha_is_mandatory) ... ok
test_execution_identity_transfer_is_refused (test_crown_edges.CrownEdgeTests.test_execution_identity_transfer_is_refused) ... ok
test_live_azure_blocker_cannot_be_erased (test_crown_edges.CrownEdgeTests.test_live_azure_blocker_cannot_be_erased) ... ok
test_live_azure_cannot_be_promoted_into_crown (test_crown_edges.CrownEdgeTests.test_live_azure_cannot_be_promoted_into_crown) ... ok
test_missing_edge_is_refused (test_crown_edges.CrownEdgeTests.test_missing_edge_is_refused) ... ok
test_observation_requires_timezone (test_crown_edges.CrownEdgeTests.test_observation_requires_timezone) ... ok
test_partial_alive_requires_execution_evidence (test_crown_edges.CrownEdgeTests.test_partial_alive_requires_execution_evidence) ... ok
test_planner_does_not_acquire_ambient_authority (test_crown_edges.CrownEdgeTests.test_planner_does_not_acquire_ambient_authority) ... ok
test_receipt_is_mandatory_and_typed (test_crown_edges.CrownEdgeTests.test_receipt_is_mandatory_and_typed) ... ok
test_release_manifest_has_no_ambient_do_authority (test_crown_edges.CrownEdgeTests.test_release_manifest_has_no_ambient_do_authority) ... ok
test_replay_is_mandatory (test_crown_edges.CrownEdgeTests.test_replay_is_mandatory) ... ok
test_schema_mismatch_is_refused (test_crown_edges.CrownEdgeTests.test_schema_mismatch_is_refused) ... ok
test_synthetic_full_edge_closure_stays_below_release_readiness_claim_ceiling (test_crown_edges.CrownEdgeTests.test_synthetic_full_edge_closure_stays_below_release_readiness_claim_ceiling) ... ok
test_topology_digest_is_deterministic (test_crown_edges.CrownEdgeTests.test_topology_digest_is_deterministic) ... ok
test_unadmitted_extra_edge_is_refused (test_crown_edges.CrownEdgeTests.test_unadmitted_extra_edge_is_refused) ... ok
test_unknown_edge_cannot_carry_evidence (test_crown_edges.CrownEdgeTests.test_unknown_edge_cannot_carry_evidence) ... ok
test_unknown_edge_key_is_refused (test_crown_edges.CrownEdgeTests.test_unknown_edge_key_is_refused) ... ok
test_unknown_root_key_is_refused (test_crown_edges.CrownEdgeTests.test_unknown_root_key_is_refused) ... ok
test_verifier_is_mandatory (test_crown_edges.CrownEdgeTests.test_verifier_is_mandatory) ... ok
test_ww3gym_cannot_escape_simulation_scope (test_crown_edges.CrownEdgeTests.test_ww3gym_cannot_escape_simulation_scope) ... ok
test_zero_unreceipted_actuation_cannot_be_disabled (test_crown_edges.CrownEdgeTests.test_zero_unreceipted_actuation_cannot_be_disabled) ... ok
test_cycle_is_deterministic (test_dfcm_autonomic_finish.DfcmAutonomicFinishTests.test_cycle_is_deterministic) ... ok
test_cycle_refused_for_unadmitted_dependency (test_dfcm_autonomic_finish.DfcmAutonomicFinishTests.test_cycle_refused_for_unadmitted_dependency) ... ok
test_cycle_terminates_only_when_dod_is_true (test_dfcm_autonomic_finish.DfcmAutonomicFinishTests.test_cycle_terminates_only_when_dod_is_true) ... ok
test_definition_of_done_is_computed_and_promotion_ready (test_dfcm_autonomic_finish.DfcmAutonomicFinishTests.test_definition_of_done_is_computed_and_promotion_ready) ... ok
test_definition_of_done_requires_exact_executed_subject (test_dfcm_autonomic_finish.DfcmAutonomicFinishTests.test_definition_of_done_requires_exact_executed_subject) ... ok
test_definition_of_done_requires_receipt_for_alive (test_dfcm_autonomic_finish.DfcmAutonomicFinishTests.test_definition_of_done_requires_receipt_for_alive) ... ok
test_exact_grant_required_for_do (test_dfcm_autonomic_finish.DfcmAutonomicFinishTests.test_exact_grant_required_for_do) ... ok
test_frontier_refuses_blocked_dependency (test_dfcm_autonomic_finish.DfcmAutonomicFinishTests.test_frontier_refuses_blocked_dependency) ... ok
test_grant_subject_drift_is_refused (test_dfcm_autonomic_finish.DfcmAutonomicFinishTests.test_grant_subject_drift_is_refused) ... ok
test_incomplete_cycle_is_partial_and_continues (test_dfcm_autonomic_finish.DfcmAutonomicFinishTests.test_incomplete_cycle_is_partial_and_continues) ... ok
test_incomplete_without_lawful_frontier_refuses (test_dfcm_autonomic_finish.DfcmAutonomicFinishTests.test_incomplete_without_lawful_frontier_refuses) ... ok
test_receipt_replay_detects_tamper (test_dfcm_autonomic_finish.DfcmAutonomicFinishTests.test_receipt_replay_detects_tamper) ... ok
test_release_alive_overclaim_is_refused_by_dod (test_dfcm_autonomic_finish.DfcmAutonomicFinishTests.test_release_alive_overclaim_is_refused_by_dod) ... ok
test_selects_maximum_transitive_relief (test_dfcm_autonomic_finish.DfcmAutonomicFinishTests.test_selects_maximum_transitive_relief) ... ok
test_every_integration_subject_is_exact_sha_bound (test_dfcm_dd_ui_contract.DfcmDdUiContractTest.test_every_integration_subject_is_exact_sha_bound) ... ok
test_ownership_boundaries_are_explicit (test_dfcm_dd_ui_contract.DfcmDdUiContractTest.test_ownership_boundaries_are_explicit) ... ok
test_receipts_bind_replay_context (test_dfcm_dd_ui_contract.DfcmDdUiContractTest.test_receipts_bind_replay_context) ... ok
test_rendering_has_no_actuation_authority (test_dfcm_dd_ui_contract.DfcmDdUiContractTest.test_rendering_has_no_actuation_authority) ... ok
test_select_construct_do_are_separate (test_dfcm_dd_ui_contract.DfcmDdUiContractTest.test_select_construct_do_are_separate) ... ok
test_zero_irreversible_selection (test_dfcm_dd_ui_contract.DfcmDdUiContractTest.test_zero_irreversible_selection) ... ok
test_brce_is_only_do_path (test_dfcm_profile.DfCMProfileTests.test_brce_is_only_do_path) ... ok
test_canonical_profile_is_admitted (test_dfcm_profile.DfCMProfileTests.test_canonical_profile_is_admitted) ... ok
test_failed_edge_must_not_collapse_graph (test_dfcm_profile.DfCMProfileTests.test_failed_edge_must_not_collapse_graph) ... ok
test_falsifier_is_required_before_selection (test_dfcm_profile.DfCMProfileTests.test_falsifier_is_required_before_selection) ... ok
test_irreversible_selection_requires_authority (test_dfcm_profile.DfCMProfileTests.test_irreversible_selection_requires_authority) ... ok
test_public_ontology_drift_refuses (test_dfcm_profile.DfCMProfileTests.test_public_ontology_drift_refuses) ... ok
test_public_ontology_redefinition_refuses (test_dfcm_profile.DfCMProfileTests.test_public_ontology_redefinition_refuses) ... ok
test_shacl_conformance_cannot_promote_alive (test_dfcm_profile.DfCMProfileTests.test_shacl_conformance_cannot_promote_alive) ... ok
test_clap_noun_verb_deploy_is_exact_git_subject_not_sibling_path (test_ecosystem_cli_dependency.EcosystemCliDependencyTest.test_clap_noun_verb_deploy_is_exact_git_subject_not_sibling_path) ... ok
test_required_deployment_surfaces_remain_admitted (test_ecosystem_cli_dependency.EcosystemCliDependencyTest.test_required_deployment_surfaces_remain_admitted) ... ok
test_actions_classify_wip_without_mutating_it (test_errc_portfolio.ERRCPlanTests.test_actions_classify_wip_without_mutating_it) ... ok
test_cycle_is_refused (test_errc_portfolio.ERRCPlanTests.test_cycle_is_refused) ... ok
test_do_authority_policy_is_refused (test_errc_portfolio.ERRCPlanTests.test_do_authority_policy_is_refused) ... ok
test_focus_prefers_dependency_ready_high_relief_roots (test_errc_portfolio.ERRCPlanTests.test_focus_prefers_dependency_ready_high_relief_roots) ... ok
test_multi_root_downstream_is_not_credited_until_all_root_blockers_are_selected (test_errc_portfolio.ERRCPlanTests.test_multi_root_downstream_is_not_credited_until_all_root_blockers_are_selected) ... ok
test_replay_is_deterministic (test_errc_portfolio.ERRCPlanTests.test_replay_is_deterministic) ... ok
test_unresolved_dependency_cannot_enter_focus (test_errc_portfolio.ERRCPlanTests.test_unresolved_dependency_cannot_enter_focus) ... ok
test_all_pass_is_bounded_partial_alive_and_replays (test_exact_subject_evidence_manifest.ManifestTests.test_all_pass_is_bounded_partial_alive_and_replays) ... ok
test_conflicting_duplicate_is_refused (test_exact_subject_evidence_manifest.ManifestTests.test_conflicting_duplicate_is_refused) ... ok
test_empty_evidence_is_unknown (test_exact_subject_evidence_manifest.ManifestTests.test_empty_evidence_is_unknown) ... ok
test_failure_is_build_broken (test_exact_subject_evidence_manifest.ManifestTests.test_failure_is_build_broken) ... ok
test_foreign_sha_is_typed_refusal (test_exact_subject_evidence_manifest.ManifestTests.test_foreign_sha_is_typed_refusal) ... ok
test_order_is_deterministic (test_exact_subject_evidence_manifest.ManifestTests.test_order_is_deterministic) ... ok
test_pending_cannot_false_positive (test_exact_subject_evidence_manifest.ManifestTests.test_pending_cannot_false_positive) ... ok
test_tamper_breaks_receipt (test_exact_subject_evidence_manifest.ManifestTests.test_tamper_breaks_receipt) ... ok
test_ambient_do_is_refused_even_for_broker_owner (test_federated_capability_owner.FederationTests.test_ambient_do_is_refused_even_for_broker_owner) ... ok
test_autofde_owner_projects_do_without_ambient_do (test_federated_capability_owner.FederationTests.test_autofde_owner_projects_do_without_ambient_do) ... ok
test_automatic_irreversible_do_is_refused (test_federated_capability_owner.FederationTests.test_automatic_irreversible_do_is_refused) ... ok
test_base_sha_must_be_real_ancestor_of_exact_subject (test_federated_capability_owner.FederationTests.test_base_sha_must_be_real_ancestor_of_exact_subject) ... ok
test_dfcm_release_closes_required_manifest (test_federated_capability_owner.FederationTests.test_dfcm_release_closes_required_manifest) ... ok
test_owner_coverage_is_fail_closed (test_federated_capability_owner.FederationTests.test_owner_coverage_is_fail_closed) ... ok
test_release_dependency_drift_is_refused (test_federated_capability_owner.FederationTests.test_release_dependency_drift_is_refused) ... ok
test_release_profile_binds_autofde_broker (test_federated_capability_owner.FederationTests.test_release_profile_binds_autofde_broker) ... ok
test_release_role_drift_is_refused (test_federated_capability_owner.FederationTests.test_release_role_drift_is_refused) ... ok
test_simulation_authority_escape_is_refused (test_federated_capability_owner.FederationTests.test_simulation_authority_escape_is_refused) ... ok
test_source_participation_does_not_gain_broker_or_receipt (test_federated_capability_owner.FederationTests.test_source_participation_does_not_gain_broker_or_receipt) ... ok
test_canonical_manifest_is_valid (test_formal_discovery_loop.FormalDiscoveryLoopTest.test_canonical_manifest_is_valid) ... ok
test_complete_receipt_reaches_alive (test_formal_discovery_loop.FormalDiscoveryLoopTest.test_complete_receipt_reaches_alive) ... ok
test_known_route_cannot_be_llm (test_formal_discovery_loop.FormalDiscoveryLoopTest.test_known_route_cannot_be_llm) ... ok
test_llm_authority_refuses (test_formal_discovery_loop.FormalDiscoveryLoopTest.test_llm_authority_refuses) ... ok
test_missing_lean_admission_is_partial_alive (test_formal_discovery_loop.FormalDiscoveryLoopTest.test_missing_lean_admission_is_partial_alive) ... ok
test_ontology_feedback_cannot_bypass_certification (test_formal_discovery_loop.FormalDiscoveryLoopTest.test_ontology_feedback_cannot_bypass_certification) ... ok
test_semantic_unknown_must_remain_candidate_only (test_formal_discovery_loop.FormalDiscoveryLoopTest.test_semantic_unknown_must_remain_candidate_only) ... ok
test_stage_dependency_cycle_refuses_manifest (test_formal_discovery_loop.FormalDiscoveryLoopTest.test_stage_dependency_cycle_refuses_manifest) ... ok
test_unreceipted_ontology_mutation_refuses (test_formal_discovery_loop.FormalDiscoveryLoopTest.test_unreceipted_ontology_mutation_refuses) ... ok
test_components_are_exact_candidate_subjects (test_formation_catalog.FormationCatalogTests.test_components_are_exact_candidate_subjects) ... ok
test_goal_is_relationship_not_recognition_or_results (test_formation_catalog.FormationCatalogTests.test_goal_is_relationship_not_recognition_or_results) ... ok
test_llm_has_no_revelation_or_pastoral_authority (test_formation_catalog.FormationCatalogTests.test_llm_has_no_revelation_or_pastoral_authority) ... ok
test_canonical_manifest_validates (test_frontier_release_factory.FrontierReleaseFactoryTest.test_canonical_manifest_validates) ... ok
test_complete_evidence_receipt_is_alive (test_frontier_release_factory.FrontierReleaseFactoryTest.test_complete_evidence_receipt_is_alive) ... ok
test_llm_route_cannot_gain_authority (test_frontier_release_factory.FrontierReleaseFactoryTest.test_llm_route_cannot_gain_authority) ... ok
test_missing_repository_role_invalidates_contract (test_frontier_release_factory.FrontierReleaseFactoryTest.test_missing_repository_role_invalidates_contract) ... ok
test_replay_must_not_reactuate_do (test_frontier_release_factory.FrontierReleaseFactoryTest.test_replay_must_not_reactuate_do) ... ok
test_repository_creation_requires_broker_and_receipt (test_frontier_release_factory.FrontierReleaseFactoryTest.test_repository_creation_requires_broker_and_receipt) ... ok
test_source_release_as_authority_refuses (test_frontier_release_factory.FrontierReleaseFactoryTest.test_source_release_as_authority_refuses) ... ok
test_unearned_claim_is_partial_alive (test_frontier_release_factory.FrontierReleaseFactoryTest.test_unearned_claim_is_partial_alive) ... ok
test_working_backwards_release_cannot_be_earned_by_declaration (test_frontier_release_factory.FrontierReleaseFactoryTest.test_working_backwards_release_cannot_be_earned_by_declaration) ... ok
test_alive_crown_without_paired_live_closure_is_refused (test_gcp_exact_contract.GcpExactContractTests.test_alive_crown_without_paired_live_closure_is_refused) ... ok
test_current_control_plane_is_structurally_admitted_but_not_exact (test_gcp_exact_contract.GcpExactContractTests.test_current_control_plane_is_structurally_admitted_but_not_exact) ... ok
test_missing_contract_source_is_refused (test_gcp_exact_contract.GcpExactContractTests.test_missing_contract_source_is_refused) ... ok
test_non_exact_subject_sha_is_refused (test_gcp_exact_contract.GcpExactContractTests.test_non_exact_subject_sha_is_refused) ... ok
test_all_success_is_partial_alive_ci_only (test_github_ci_evidence.GithubCiEvidenceTests.test_all_success_is_partial_alive_ci_only) ... ok
test_deterministic_order_and_receipt (test_github_ci_evidence.GithubCiEvidenceTests.test_deterministic_order_and_receipt) ... ok
test_empty_never_claims_success (test_github_ci_evidence.GithubCiEvidenceTests.test_empty_never_claims_success) ... ok
test_failure_is_build_broken (test_github_ci_evidence.GithubCiEvidenceTests.test_failure_is_build_broken) ... ok
test_pending_never_false_positive (test_github_ci_evidence.GithubCiEvidenceTests.test_pending_never_false_positive) ... ok
test_stale_head_refuses (test_github_ci_evidence.GithubCiEvidenceTests.test_stale_head_refuses) ... ok
test_tamper_breaks_replay (test_github_ci_evidence.GithubCiEvidenceTests.test_tamper_breaks_replay) ... ok
test_ambient_scope_refused (test_live_azure_authority.LiveAzureAuthorityTests.test_ambient_scope_refused) ... ok
test_blocked_without_authority_is_preserved (test_live_azure_authority.LiveAzureAuthorityTests.test_blocked_without_authority_is_preserved) ... ok
test_brce_must_remain_exclusive_do_path (test_live_azure_authority.LiveAzureAuthorityTests.test_brce_must_remain_exclusive_do_path) ... ok
test_capability_is_not_authority (test_live_azure_authority.LiveAzureAuthorityTests.test_capability_is_not_authority) ... ok
test_exact_bounded_gymact_brce_live_evidence_can_transition_alive (test_live_azure_authority.LiveAzureAuthorityTests.test_exact_bounded_gymact_brce_live_evidence_can_transition_alive) ... ok
test_gymact_identity_drift_refused (test_live_azure_authority.LiveAzureAuthorityTests.test_gymact_identity_drift_refused) ... ok
test_probe_must_execute_inside_admitted_scope (test_live_azure_authority.LiveAzureAuthorityTests.test_probe_must_execute_inside_admitted_scope) ... ok
test_secret_material_is_never_an_admission_artifact (test_live_azure_authority.LiveAzureAuthorityTests.test_secret_material_is_never_an_admission_artifact) ... ok
test_authority_escalation_is_refused (test_pending_branch_bundle.PendingBranchBundleTests.test_authority_escalation_is_refused) ... ok
test_current_bundle_is_closed_and_observed (test_pending_branch_bundle.PendingBranchBundleTests.test_current_bundle_is_closed_and_observed) ... ok
test_duplicate_pr_is_refused (test_pending_branch_bundle.PendingBranchBundleTests.test_duplicate_pr_is_refused) ... ok
test_integration_identity_drift_is_refused (test_pending_branch_bundle.PendingBranchBundleTests.test_integration_identity_drift_is_refused) ... ok
test_integration_role_cannot_be_erased (test_pending_branch_bundle.PendingBranchBundleTests.test_integration_role_cannot_be_erased) ... ok
test_invalid_sha_is_refused (test_pending_branch_bundle.PendingBranchBundleTests.test_invalid_sha_is_refused) ... ok
test_alive_reconstituted_subject_must_be_new (test_platform_reconstitution.PlatformReconstitutionTests.test_alive_reconstituted_subject_must_be_new) ... ok
test_alive_requires_all_substrate_execution_evidence (test_platform_reconstitution.PlatformReconstitutionTests.test_alive_requires_all_substrate_execution_evidence) ... ok
test_alive_requires_reconstitution_identity (test_platform_reconstitution.PlatformReconstitutionTests.test_alive_requires_reconstitution_identity) ... ok
test_alive_stale_marketplace_subject_is_refused (test_platform_reconstitution.PlatformReconstitutionTests.test_alive_stale_marketplace_subject_is_refused) ... ok
test_alive_stale_toolchain_subject_is_refused (test_platform_reconstitution.PlatformReconstitutionTests.test_alive_stale_toolchain_subject_is_refused) ... ok
test_alive_without_execution_evidence_is_refused (test_platform_reconstitution.PlatformReconstitutionTests.test_alive_without_execution_evidence_is_refused) ... ok
test_ambient_do_is_refused (test_platform_reconstitution.PlatformReconstitutionTests.test_ambient_do_is_refused) ... ok
test_candidate_contract_is_structurally_admitted (test_platform_reconstitution.PlatformReconstitutionTests.test_candidate_contract_is_structurally_admitted) ... ok
test_duplicate_projection_is_refused (test_platform_reconstitution.PlatformReconstitutionTests.test_duplicate_projection_is_refused) ... ok
test_incomplete_reconstitution_delete_set_is_refused (test_platform_reconstitution.PlatformReconstitutionTests.test_incomplete_reconstitution_delete_set_is_refused) ... ok
test_missing_projection_class_is_refused (test_platform_reconstitution.PlatformReconstitutionTests.test_missing_projection_class_is_refused) ... ok
test_missing_public_ontology_source_is_refused (test_platform_reconstitution.PlatformReconstitutionTests.test_missing_public_ontology_source_is_refused) ... ok
test_missing_substrate_is_refused (test_platform_reconstitution.PlatformReconstitutionTests.test_missing_substrate_is_refused) ... ok
test_missing_toolchain_role_is_refused (test_platform_reconstitution.PlatformReconstitutionTests.test_missing_toolchain_role_is_refused) ... ok
test_non_brce_do_is_refused (test_platform_reconstitution.PlatformReconstitutionTests.test_non_brce_do_is_refused) ... ok
test_non_ggen_legacy_reconstitution_is_refused (test_platform_reconstitution.PlatformReconstitutionTests.test_non_ggen_legacy_reconstitution_is_refused) ... ok
test_projection_owned_business_meaning_is_refused (test_platform_reconstitution.PlatformReconstitutionTests.test_projection_owned_business_meaning_is_refused) ... ok
test_candidate_cannot_overclaim_release_standing (test_portfolio_control.PortfolioControlTests.test_candidate_cannot_overclaim_release_standing) ... ok
test_capstone_classifies_crown (test_portfolio_control.PortfolioControlTests.test_capstone_classifies_crown) ... ok
test_current_355_repository_observation_is_pagination_consistent (test_portfolio_control.PortfolioControlTests.test_current_355_repository_observation_is_pagination_consistent) ... ok
test_policy_and_candidates_are_admitted (test_portfolio_control.PortfolioControlTests.test_policy_and_candidates_are_admitted) ... ok
test_release_repo_cannot_move_to_adapter (test_portfolio_control.PortfolioControlTests.test_release_repo_cannot_move_to_adapter) ... ok
test_repository_count_is_constrained_by_pagination_not_a_historical_literal (test_portfolio_control.PortfolioControlTests.test_repository_count_is_constrained_by_pagination_not_a_historical_literal) ... ok
test_unknown_owned_repo_defaults_out_of_release (test_portfolio_control.PortfolioControlTests.test_unknown_owned_repo_defaults_out_of_release) ... ok
test_missing_input_measurement_is_refused_even_with_recomputed_outer_digest (test_portfolio_receipt_freshness.PortfolioReceiptFreshnessTests.test_missing_input_measurement_is_refused_even_with_recomputed_outer_digest) ... ok
test_receipt_binds_all_three_measurement_inputs (test_portfolio_receipt_freshness.PortfolioReceiptFreshnessTests.test_receipt_binds_all_three_measurement_inputs) ... ok
test_valid_old_receipt_is_refused_after_ledger_drift (test_portfolio_receipt_freshness.PortfolioReceiptFreshnessTests.test_valid_old_receipt_is_refused_after_ledger_drift) ... ok
test_valid_old_receipt_is_refused_after_manifest_drift (test_portfolio_receipt_freshness.PortfolioReceiptFreshnessTests.test_valid_old_receipt_is_refused_after_manifest_drift) ... ok
test_capsule_and_intent_drift_refuse (test_post_agi_dfcm.PostAgiCapsuleTests.test_capsule_and_intent_drift_refuse) ... ok
test_capsule_is_deterministic_and_self_authenticating (test_post_agi_dfcm.PostAgiCapsuleTests.test_capsule_is_deterministic_and_self_authenticating) ... ok
test_close_execution_binds_observed_do_without_actuating (test_post_agi_dfcm.PostAgiCapsuleTests.test_close_execution_binds_observed_do_without_actuating) ... ok
test_execution_outside_authority_window_refuses (test_post_agi_dfcm.PostAgiCapsuleTests.test_execution_outside_authority_window_refuses) ... ok
test_grant_not_yet_valid_and_expired_refuse (test_post_agi_dfcm.PostAgiCapsuleTests.test_grant_not_yet_valid_and_expired_refuse) ... ok
test_no_lawful_frontier_refuses_but_preserve_still_exposes_topology (test_post_agi_dfcm.PostAgiCapsuleTests.test_no_lawful_frontier_refuses_but_preserve_still_exposes_topology) ... ok
test_preserve_precedes_selection_and_keeps_blocked_topology (test_post_agi_dfcm.PostAgiCapsuleTests.test_preserve_precedes_selection_and_keeps_blocked_topology) ... ok
test_tampered_admission_and_evidence_chain_refuse (test_post_agi_dfcm.PostAgiCapsuleTests.test_tampered_admission_and_evidence_chain_refuse) ... ok
test_time_bounded_grant_admission (test_post_agi_dfcm.PostAgiCapsuleTests.test_time_bounded_grant_admission) ... ok
test_expected_structural_ties_follow_sparql_str_order (test_qlever_crown.QLeverCrownTests.test_expected_structural_ties_follow_sparql_str_order) ... ok
test_fixture_is_byte_deterministic (test_qlever_crown.QLeverCrownTests.test_fixture_is_byte_deterministic) ... ok
test_scale_floor_refuses_small_fixture (test_qlever_crown.QLeverCrownTests.test_scale_floor_refuses_small_fixture) ... ok
test_decodes_json_error_payload (test_rebrand_portfolio.ParseErrorTest.test_decodes_json_error_payload) ... ok
test_falls_back_to_error_string_for_non_json_payload (test_rebrand_portfolio.ParseErrorTest.test_falls_back_to_error_string_for_non_json_payload) ... ok
test_contains_repository_name_and_boundary_language (test_rebrand_portfolio.PortfolioContextTest.test_contains_repository_name_and_boundary_language) ... ok
test_is_deterministic_for_the_same_repository (test_rebrand_portfolio.PortfolioContextTest.test_is_deterministic_for_the_same_repository) ... ok
test_dry_run_reports_candidate_without_touching_the_api (test_rebrand_portfolio.ProcessRepositoryEarlyReturnTest.test_dry_run_reports_candidate_without_touching_the_api) ... ok
test_marks_empty_repository_unsupported (test_rebrand_portfolio.ProcessRepositoryEarlyReturnTest.test_marks_empty_repository_unsupported) ... ok
test_refuses_archived_repository (test_rebrand_portfolio.ProcessRepositoryEarlyReturnTest.test_refuses_archived_repository) ... ok
test_refuses_repository_without_push_authority (test_rebrand_portfolio.ProcessRepositoryEarlyReturnTest.test_refuses_repository_without_push_authority) ... ok
test_duplicate_run_identity_deduplicated (test_reconcile_ci_outcomes.Tests.test_duplicate_run_identity_deduplicated) ... ok
test_foreign_repo_refused (test_reconcile_ci_outcomes.Tests.test_foreign_repo_refused) ... ok
test_half_open_window_excludes_until (test_reconcile_ci_outcomes.Tests.test_half_open_window_excludes_until) ... ok
test_missing_run_identity_refused (test_reconcile_ci_outcomes.Tests.test_missing_run_identity_refused) ... ok
test_pending_is_not_success (test_reconcile_ci_outcomes.Tests.test_pending_is_not_success) ... ok
test_reconciles_ci_and_no_ci_repositories (test_reconcile_ci_outcomes.Tests.test_reconciles_ci_and_no_ci_repositories) ... ok
test_tampered_activity_receipt_refused (test_reconcile_ci_outcomes.Tests.test_tampered_activity_receipt_refused) ... ok
test_tampered_output_receipt_fails_replay (test_reconcile_ci_outcomes.Tests.test_tampered_output_receipt_fails_replay) ... ok
test_exact_half_open_window_excludes_until_boundary (test_reconcile_portfolio_activity.CensusTests.test_exact_half_open_window_excludes_until_boundary) ... ok
test_exact_search_bounds_preserve_half_open_seconds (test_reconcile_portfolio_activity.CensusTests.test_exact_search_bounds_preserve_half_open_seconds) ... ok
test_incomplete_partition_refuses (test_reconcile_portfolio_activity.CensusTests.test_incomplete_partition_refuses) ... ok
test_malformed_rows_do_not_become_activity (test_reconcile_portfolio_activity.CensusTests.test_malformed_rows_do_not_become_activity) ... ok
test_one_second_over_cap_fails_closed (test_reconcile_portfolio_activity.CensusTests.test_one_second_over_cap_fails_closed) ... ok
test_partition_deduplicates_stable_identity (test_reconcile_portfolio_activity.CensusTests.test_partition_deduplicates_stable_identity) ... ok
test_pr_only_repository_is_preserved_in_union (test_reconcile_portfolio_activity.CensusTests.test_pr_only_repository_is_preserved_in_union) ... ok
test_receipt_rejects_tampered_sensor_result (test_reconcile_portfolio_activity.CensusTests.test_receipt_rejects_tampered_sensor_result) ... ok
test_search_cap_is_partitioned_and_fully_recovered (test_reconcile_portfolio_activity.CensusTests.test_search_cap_is_partitioned_and_fully_recovered) ... ok
test_exact_subject_manufactures_replayable_receipt (test_release_ci_subject.ReleaseCiSubjectTest.test_exact_subject_manufactures_replayable_receipt) ... ok
test_malformed_sha_is_refused (test_release_ci_subject.ReleaseCiSubjectTest.test_malformed_sha_is_refused) ... ok
test_receipt_is_deterministic (test_release_ci_subject.ReleaseCiSubjectTest.test_receipt_is_deterministic) ... ok
test_synthetic_or_stale_subject_is_refused (test_release_ci_subject.ReleaseCiSubjectTest.test_synthetic_or_stale_subject_is_refused) ... ok
test_tampered_receipt_is_refused (test_release_ci_subject.ReleaseCiSubjectTest.test_tampered_receipt_is_refused) ... ok
test_unverified_receipt_is_refused_even_with_recomputed_shape (test_release_ci_subject.ReleaseCiSubjectTest.test_unverified_receipt_is_refused_even_with_recomputed_shape) ... ok
test_affidavit_exact_subject_is_alive_only_with_owning_receipt (test_release_control.ReleaseControlTests.test_affidavit_exact_subject_is_alive_only_with_owning_receipt) ... ok
test_autofde_exact_main_execution_receipt_is_preserved (test_release_control.ReleaseControlTests.test_autofde_exact_main_execution_receipt_is_preserved) ... ok
test_autofde_lab_exact_failure_receipt_is_preserved (test_release_control.ReleaseControlTests.test_autofde_lab_exact_failure_receipt_is_preserved) ... ok
test_branch_advancement_does_not_invalidate_admitted_sha (test_release_control.ReleaseControlTests.test_branch_advancement_does_not_invalidate_admitted_sha) ... ok
test_branch_divergence_refuses_admitted_lineage (test_release_control.ReleaseControlTests.test_branch_divergence_refuses_admitted_lineage) ... ok
test_crown_escalates_exact_build_breaks_over_runtime_blocks (test_release_control.ReleaseControlTests.test_crown_escalates_exact_build_breaks_over_runtime_blocks) ... ok
test_dependency_cycle_is_refused (test_release_control.ReleaseControlTests.test_dependency_cycle_is_refused) ... ok
test_duplicate_repository_is_refused (test_release_control.ReleaseControlTests.test_duplicate_repository_is_refused) ... ok
test_exact_ref_head_counts_as_exact_lineage (test_release_control.ReleaseControlTests.test_exact_ref_head_counts_as_exact_lineage) ... ok
test_external_ref_observation_is_required_and_exact (test_release_control.ReleaseControlTests.test_external_ref_observation_is_required_and_exact) ... ok
test_github_json_uses_available_read_token (test_release_control.ReleaseControlTests.test_github_json_uses_available_read_token) ... ok
test_invalid_sha_is_refused (test_release_control.ReleaseControlTests.test_invalid_sha_is_refused) ... ok
test_manifest_is_structurally_admitted (test_release_control.ReleaseControlTests.test_manifest_is_structurally_admitted) ... ok
test_marketplace_exact_subject_is_alive_only_with_owning_receipt (test_release_control.ReleaseControlTests.test_marketplace_exact_subject_is_alive_only_with_owning_receipt) ... ok
test_removing_mfw_from_components_refuses_required_role (test_release_control.ReleaseControlTests.test_removing_mfw_from_components_refuses_required_role) ... ok
test_runtime_frontier_is_required_and_fail_closed (test_release_control.ReleaseControlTests.test_runtime_frontier_is_required_and_fail_closed) ... ok
test_star_toml_exact_failure_receipt_is_preserved (test_release_control.ReleaseControlTests.test_star_toml_exact_failure_receipt_is_preserved) ... ok
test_unadmitted_dependency_is_refused (test_release_control.ReleaseControlTests.test_unadmitted_dependency_is_refused) ... ok
test_an_invalid_expected_version_is_refused_typed (test_release_line.PathFreeVersionLawTests.test_an_invalid_expected_version_is_refused_typed) ... ok
test_expected_version_admits_its_own_line_in_either_spelling (test_release_line.PathFreeVersionLawTests.test_expected_version_admits_its_own_line_in_either_spelling) ... ok
test_expected_version_refuses_another_line_without_a_path (test_release_line.PathFreeVersionLawTests.test_expected_version_refuses_another_line_without_a_path) ... ok
test_path_and_expected_version_are_judged_independently (test_release_line.PathFreeVersionLawTests.test_path_and_expected_version_are_judged_independently) ... ok
test_without_path_or_expected_version_only_the_calendar_form_is_judged (test_release_line.PathFreeVersionLawTests.test_without_path_or_expected_version_only_the_calendar_form_is_judged) ... ok
test_planner_branches_carry_the_target_line (test_release_line.PlannerLineTests.test_planner_branches_carry_the_target_line) ... ok
test_planner_default_is_the_explicit_pointer_line (test_release_line.PlannerLineTests.test_planner_default_is_the_explicit_pointer_line) ... ok
test_planner_refuses_a_cross_line_companion (test_release_line.PlannerLineTests.test_planner_refuses_a_cross_line_companion) ... ok
test_default_is_the_declared_pointer_line (test_release_line.ReleaseLineResolverTests.test_default_is_the_declared_pointer_line) ... ok
test_explicit_inputs_are_bound_to_the_requested_line (test_release_line.ReleaseLineResolverTests.test_explicit_inputs_are_bound_to_the_requested_line) ... ok
test_explicit_release_is_canonicalized (test_release_line.ReleaseLineResolverTests.test_explicit_release_is_canonicalized) ... ok
test_invalid_release_is_refused_typed (test_release_line.ReleaseLineResolverTests.test_invalid_release_is_refused_typed) ... ok
test_missing_pointer_is_refused_typed (test_release_line.ReleaseLineResolverTests.test_missing_pointer_is_refused_typed) ... ok
test_version_is_bound_only_by_a_canonical_release_directory (test_release_line.ReleaseLineResolverTests.test_version_is_bound_only_by_a_canonical_release_directory) ... ok
test_standing_verifier_targets_an_explicit_line (test_release_line.StandingAndWestLineTests.test_standing_verifier_targets_an_explicit_line) ... ok
test_west_default_is_the_explicit_pointer_line (test_release_line.StandingAndWestLineTests.test_west_default_is_the_explicit_pointer_line) ... ok
test_west_refuses_a_projection_sourced_from_another_line (test_release_line.StandingAndWestLineTests.test_west_refuses_a_projection_sourced_from_another_line) ... ok
test_survey_companion_inputs_come_from_the_manifest_line (test_release_line.SurveyLineTests.test_survey_companion_inputs_come_from_the_manifest_line) ... ok
test_survey_scope_and_report_follow_the_target_line (test_release_line.SurveyLineTests.test_survey_scope_and_report_follow_the_target_line) ... ok
test_missing_target_line_is_refused_typed (test_release_line.VerifyReleaseVersionLawTests.test_missing_target_line_is_refused_typed) ... ok
test_predecessor_manifest_under_target_directory_is_refused (test_release_line.VerifyReleaseVersionLawTests.test_predecessor_manifest_under_target_directory_is_refused) ... ok
test_release_flag_conflicting_with_manifest_is_refused (test_release_line.VerifyReleaseVersionLawTests.test_release_flag_conflicting_with_manifest_is_refused) ... ok
test_target_manifest_declaring_its_line_is_admitted (test_release_line.VerifyReleaseVersionLawTests.test_target_manifest_declaring_its_line_is_admitted) ... ok
test_unbound_and_invalid_versions_are_refused (test_release_line.VerifyReleaseVersionLawTests.test_unbound_and_invalid_versions_are_refused) ... ok
test_authenticated_owner_mismatch_refuses (test_repository_visibility_census.VisibilityCensusTests.test_authenticated_owner_mismatch_refuses) ... ok
test_authenticated_path_uses_owner_affiliation_and_includes_private (test_repository_visibility_census.VisibilityCensusTests.test_authenticated_path_uses_owner_affiliation_and_includes_private) ... ok
test_authenticated_scope_preserves_private_active_repository (test_repository_visibility_census.VisibilityCensusTests.test_authenticated_scope_preserves_private_active_repository) ... ok
test_public_fallback_does_not_claim_private_visibility (test_repository_visibility_census.VisibilityCensusTests.test_public_fallback_does_not_claim_private_visibility) ... ok
test_receipt_rejects_tampering (test_repository_visibility_census.VisibilityCensusTests.test_receipt_rejects_tampering) ... ok
test_stale_push_is_not_false_positive (test_repository_visibility_census.VisibilityCensusTests.test_stale_push_is_not_false_positive) ... ok
test_until_boundary_is_excluded (test_repository_visibility_census.VisibilityCensusTests.test_until_boundary_is_excluded) ... ok
test_canonical_contract_is_admitted (test_semantic_traversal.SemanticTraversalContractTests.test_canonical_contract_is_admitted) ... ok
test_correspondence_drift_refuses (test_semantic_traversal.SemanticTraversalContractTests.test_correspondence_drift_refuses) ... ok
test_derived_formula_drift_refuses (test_semantic_traversal.SemanticTraversalContractTests.test_derived_formula_drift_refuses) ... ok
test_do_without_broker_refuses (test_semantic_traversal.SemanticTraversalContractTests.test_do_without_broker_refuses) ... ok
test_duplicate_metric_refuses (test_semantic_traversal.SemanticTraversalContractTests.test_duplicate_metric_refuses) ... ok
test_exact_subject_receipt_replays (test_semantic_traversal.SemanticTraversalContractTests.test_exact_subject_receipt_replays) ... ok
test_missing_invariant_refuses (test_semantic_traversal.SemanticTraversalContractTests.test_missing_invariant_refuses) ... ok
test_receipt_exact_subject_drift_refuses (test_semantic_traversal.SemanticTraversalContractTests.test_receipt_exact_subject_drift_refuses) ... ok
test_receipt_tamper_refuses (test_semantic_traversal.SemanticTraversalContractTests.test_receipt_tamper_refuses) ... ok
test_route_owner_drift_refuses (test_semantic_traversal.SemanticTraversalContractTests.test_route_owner_drift_refuses) ... ok
test_zero_denominator_must_remain_unknown (test_semantic_traversal.SemanticTraversalContractTests.test_zero_denominator_must_remain_unknown) ... ok
test_alive_must_bind_exact_admitted_sha (test_standing_evidence.StandingEvidenceTests.test_alive_must_bind_exact_admitted_sha) ... ok
test_alive_without_execution_receipt_is_refused (test_standing_evidence.StandingEvidenceTests.test_alive_without_execution_receipt_is_refused) ... ok
test_blocked_component_cannot_carry_execution_standing (test_standing_evidence.StandingEvidenceTests.test_blocked_component_cannot_carry_execution_standing) ... ok
test_build_broken_must_bind_exact_admitted_sha (test_standing_evidence.StandingEvidenceTests.test_build_broken_must_bind_exact_admitted_sha) ... ok
test_build_broken_requires_execution_receipt (test_standing_evidence.StandingEvidenceTests.test_build_broken_requires_execution_receipt) ... ok
test_build_broken_requires_typed_reason (test_standing_evidence.StandingEvidenceTests.test_build_broken_requires_typed_reason) ... ok
test_current_manifest_admits_only_earned_execution_claims (test_standing_evidence.StandingEvidenceTests.test_current_manifest_admits_only_earned_execution_claims) ... ok
test_authenticated_owner_inventory_is_complete (test_survey_portfolio.GitHubPaginationTests.test_authenticated_owner_inventory_is_complete) ... ok
test_public_owner_inventory_requires_empty_terminator_and_is_partial (test_survey_portfolio.GitHubPaginationTests.test_public_owner_inventory_requires_empty_terminator_and_is_partial) ... ok
test_actuate_crosswalk_requires_brce_exclusive (test_survey_portfolio.PortfolioSurveyTests.test_actuate_crosswalk_requires_brce_exclusive) ... ok
test_actuation_release_role_does_not_grant_actuate (test_survey_portfolio.PortfolioSurveyTests.test_actuation_release_role_does_not_grant_actuate) ... ok
test_build_survey_separates_portfolio_release_and_support (test_survey_portfolio.PortfolioSurveyTests.test_build_survey_separates_portfolio_release_and_support) ... ok
test_complete_inventory_makes_required_absence_blocking (test_survey_portfolio.PortfolioSurveyTests.test_complete_inventory_makes_required_absence_blocking) ... ok
test_missing_release_role_mapping_is_blocking (test_survey_portfolio.PortfolioSurveyTests.test_missing_release_role_mapping_is_blocking) ... ok
test_outputs_are_receipted_and_replayable (test_survey_portfolio.PortfolioSurveyTests.test_outputs_are_receipted_and_replayable) ... ok
test_public_partial_inventory_never_turns_absence_into_blocking_fact (test_survey_portfolio.PortfolioSurveyTests.test_public_partial_inventory_never_turns_absence_into_blocking_fact) ... ok
test_ref_drift_is_observed_not_promoted (test_survey_portfolio.PortfolioSurveyTests.test_ref_drift_is_observed_not_promoted) ... ok
test_both_exact_receipts_promote_federation (test_tpcs_pipeline.TcpsFederationTest.test_both_exact_receipts_promote_federation) ... ok
test_canonical_factory_is_exact_sha_bound (test_tpcs_pipeline.TcpsFederationTest.test_canonical_factory_is_exact_sha_bound) ... ok
test_contract_is_composition_only (test_tpcs_pipeline.TcpsFederationTest.test_contract_is_composition_only) ... ok
test_expected_artifact_names_bind_exact_head (test_tpcs_pipeline.TcpsFederationTest.test_expected_artifact_names_bind_exact_head) ... ok
test_federation_ontology_has_no_factory_authority (test_tpcs_pipeline.TcpsFederationTest.test_federation_ontology_has_no_factory_authority) ... ok
test_missing_canonical_receipts_cannot_crown_factory (test_tpcs_pipeline.TcpsFederationTest.test_missing_canonical_receipts_cannot_crown_factory) ... ok
test_projection_difference_is_refused (test_tpcs_pipeline.TcpsFederationTest.test_projection_difference_is_refused) ... ok
test_projection_projector_drift_is_refused (test_tpcs_pipeline.TcpsFederationTest.test_projection_projector_drift_is_refused) ... ok
test_required_capability_closure_contains_dfcm_and_do_boundary (test_tpcs_pipeline.TcpsFederationTest.test_required_capability_closure_contains_dfcm_and_do_boundary) ... ok
test_runtime_subject_drift_is_refused (test_tpcs_pipeline.TcpsFederationTest.test_runtime_subject_drift_is_refused) ... ok
test_runtime_verifier_failure_is_refused (test_tpcs_pipeline.TcpsFederationTest.test_runtime_verifier_failure_is_refused) ... ok
test_authority_consequence_mismatch_refuses_before_do (test_v2030_definition_of_done.V2030DefinitionOfDoneTest.test_authority_consequence_mismatch_refuses_before_do) ... ok
test_dfcm_action_frontier_preserves_all_reversible_lawful_edges (test_v2030_definition_of_done.V2030DefinitionOfDoneTest.test_dfcm_action_frontier_preserves_all_reversible_lawful_edges) ... ok
test_exact_dfcm_authority_must_bind_prepared_intent (test_v2030_definition_of_done.V2030DefinitionOfDoneTest.test_exact_dfcm_authority_must_bind_prepared_intent) ... ok
test_invalid_exact_subject_refuses_before_authority_or_actuation (test_v2030_definition_of_done.V2030DefinitionOfDoneTest.test_invalid_exact_subject_refuses_before_authority_or_actuation) ... ok
test_missing_receipt_capability_refuses_before_do (test_v2030_definition_of_done.V2030DefinitionOfDoneTest.test_missing_receipt_capability_refuses_before_do) ... ok
test_persisted_receipt_tamper_hits_dfcm_replay_court (test_v2030_definition_of_done.V2030DefinitionOfDoneTest.test_persisted_receipt_tamper_hits_dfcm_replay_court) ... ok
test_postcondition_failure_is_receipted_but_not_alive (test_v2030_definition_of_done.V2030DefinitionOfDoneTest.test_postcondition_failure_is_receipted_but_not_alive) ... ok
test_precondition_mismatch_refuses_after_reservation_before_actuation (test_v2030_definition_of_done.V2030DefinitionOfDoneTest.test_precondition_mismatch_refuses_after_reservation_before_actuation) ... ok
test_prepare_is_construct_only_and_execution_reaches_alive (test_v2030_definition_of_done.V2030DefinitionOfDoneTest.test_prepare_is_construct_only_and_execution_reaches_alive) ... ok
test_receipt_tampering_is_refused_by_canonical_replay (test_v2030_definition_of_done.V2030DefinitionOfDoneTest.test_receipt_tampering_is_refused_by_canonical_replay) ... ok
test_replay_and_idempotent_rerun_do_not_reactuate (test_v2030_definition_of_done.V2030DefinitionOfDoneTest.test_replay_and_idempotent_rerun_do_not_reactuate) ... ok
test_replay_cannot_relabel_sealed_authority (test_v2030_definition_of_done.V2030DefinitionOfDoneTest.test_replay_cannot_relabel_sealed_authority) ... ok
test_repository_contract_reuses_canonical_dfcm_owner (test_v2030_definition_of_done.V2030DefinitionOfDoneTest.test_repository_contract_reuses_canonical_dfcm_owner) ... ok
test_selection_outside_frontier_is_refused (test_v2030_definition_of_done.V2030DefinitionOfDoneTest.test_selection_outside_frontier_is_refused) ... ok
test_verification_requires_evidence (test_v2030_definition_of_done.V2030DefinitionOfDoneTest.test_verification_requires_evidence) ... ok
test_current_capsule (test_v26_8_23_release.T.test_current_capsule) ... ok
test_duplicate_requirement_refuses (test_v26_8_23_release.T.test_duplicate_requirement_refuses) ... ok
test_false_alive_refuses (test_v26_8_23_release.T.test_false_alive_refuses) ... ok
test_future_line_is_preserved (test_v26_8_23_release.T.test_future_line_is_preserved) ... ok
test_wrong_version_refuses (test_v26_8_23_release.T.test_wrong_version_refuses) ... ok
test_ambient_do_is_rejected (test_verify_calendar_release.CalendarReleaseTests.test_ambient_do_is_rejected) ... ok
test_calendar_version_maps_to_release_date (test_verify_calendar_release.CalendarReleaseTests.test_calendar_version_maps_to_release_date) ... ok
test_current_release_documents_verify (test_verify_calendar_release.CalendarReleaseTests.test_current_release_documents_verify) ... ok
test_cli_replay_round_trip (test_verify_ci_subject.VerifyCiSubjectTests.test_cli_replay_round_trip) ... ok
test_missing_pr_head_is_refused (test_verify_ci_subject.VerifyCiSubjectTests.test_missing_pr_head_is_refused) ... ok
test_non_pr_event_uses_fallback_sha (test_verify_ci_subject.VerifyCiSubjectTests.test_non_pr_event_uses_fallback_sha) ... ok
test_pr_head_is_admitted_exact_subject (test_verify_ci_subject.VerifyCiSubjectTests.test_pr_head_is_admitted_exact_subject) ... ok
test_synthetic_pr_merge_sha_is_refused (test_verify_ci_subject.VerifyCiSubjectTests.test_synthetic_pr_merge_sha_is_refused) ... ok
test_tampered_receipt_fails_replay (test_verify_ci_subject.VerifyCiSubjectTests.test_tampered_receipt_fails_replay) ... ok
test_cli_refusal_is_machine_readable (test_verify_exact_head_evidence.CourtTests.test_cli_refusal_is_machine_readable) ... ok
test_duplicate_source_refuses (test_verify_exact_head_evidence.CourtTests.test_duplicate_source_refuses) ... ok
test_empty_evidence_is_unknown (test_verify_exact_head_evidence.CourtTests.test_empty_evidence_is_unknown) ... ok
test_failure_is_observed_but_not_alive (test_verify_exact_head_evidence.CourtTests.test_failure_is_observed_but_not_alive) ... ok
test_fresh_exact_head_is_alive_and_digest_replays (test_verify_exact_head_evidence.CourtTests.test_fresh_exact_head_is_alive_and_digest_replays) ... ok
test_future_evidence_refuses (test_verify_exact_head_evidence.CourtTests.test_future_evidence_refuses) ... ok
test_stale_evidence_refuses (test_verify_exact_head_evidence.CourtTests.test_stale_evidence_refuses) ... ok
test_wrong_head_refuses (test_verify_exact_head_evidence.CourtTests.test_wrong_head_refuses) ... ok
test_blocked_report_cannot_replay_as_alive (test_verify_portfolio.VerifyPortfolioTests.test_blocked_report_cannot_replay_as_alive) ... ok
test_candidate_for_unadmitted_component_is_flagged (test_verify_portfolio.VerifyPortfolioTests.test_candidate_for_unadmitted_component_is_flagged) ... ok
test_candidate_release_standing_overclaim_is_flagged (test_verify_portfolio.VerifyPortfolioTests.test_candidate_release_standing_overclaim_is_flagged) ... ok
test_candidate_sha_equal_to_admitted_sha_is_flagged_not_distinct (test_verify_portfolio.VerifyPortfolioTests.test_candidate_sha_equal_to_admitted_sha_is_flagged_not_distinct) ... ok
test_classify_composition_root_is_crown (test_verify_portfolio.VerifyPortfolioTests.test_classify_composition_root_is_crown) ... ok
test_classify_required_repository (test_verify_portfolio.VerifyPortfolioTests.test_classify_required_repository) ... ok
test_classify_unknown_repository_falls_back_to_default (test_verify_portfolio.VerifyPortfolioTests.test_classify_unknown_repository_falls_back_to_default) ... ok
test_current_release_state_is_clean (test_verify_portfolio.VerifyPortfolioTests.test_current_release_state_is_clean) ... ok
test_default_disposition_not_fail_safe_is_flagged (test_verify_portfolio.VerifyPortfolioTests.test_default_disposition_not_fail_safe_is_flagged) ... ok
test_duplicate_candidate_component_is_flagged (test_verify_portfolio.VerifyPortfolioTests.test_duplicate_candidate_component_is_flagged) ... ok
test_explicit_kind_must_match_structural_shape (test_verify_portfolio.VerifyPortfolioTests.test_explicit_kind_must_match_structural_shape) ... ok
test_invalid_explicit_kind_is_refused (test_verify_portfolio.VerifyPortfolioTests.test_invalid_explicit_kind_is_refused) ... ok
test_legacy_rows_are_typed_by_candidate_sha_presence (test_verify_portfolio.VerifyPortfolioTests.test_legacy_rows_are_typed_by_candidate_sha_presence) ... ok
test_observation_cannot_smuggle_ci_authority (test_verify_portfolio.VerifyPortfolioTests.test_observation_cannot_smuggle_ci_authority) ... ok
test_observation_drift_does_not_require_candidate_ci (test_verify_portfolio.VerifyPortfolioTests.test_observation_drift_does_not_require_candidate_ci) ... ok
test_pagination_evidence_flags_count_below_page_floor (test_verify_portfolio.VerifyPortfolioTests.test_pagination_evidence_flags_count_below_page_floor) ... ok
test_pagination_evidence_flags_invalid_types (test_verify_portfolio.VerifyPortfolioTests.test_pagination_evidence_flags_invalid_types) ... ok
test_pagination_evidence_flags_missing_terminator (test_verify_portfolio.VerifyPortfolioTests.test_pagination_evidence_flags_missing_terminator) ... ok
test_pagination_evidence_valid_when_count_in_range (test_verify_portfolio.VerifyPortfolioTests.test_pagination_evidence_valid_when_count_in_range) ... ok
test_receipt_is_deterministic_and_replayable (test_verify_portfolio.VerifyPortfolioTests.test_receipt_is_deterministic_and_replayable) ... ok
test_receipt_tamper_is_refused (test_verify_portfolio.VerifyPortfolioTests.test_receipt_tamper_is_refused) ... ok
test_report_counts_candidates_separately_from_observations (test_verify_portfolio.VerifyPortfolioTests.test_report_counts_candidates_separately_from_observations) ... ok
test_repository_in_two_dispositions_is_flagged (test_verify_portfolio.VerifyPortfolioTests.test_repository_in_two_dispositions_is_flagged) ... ok
test_repository_outside_owner_namespace_is_flagged (test_verify_portfolio.VerifyPortfolioTests.test_repository_outside_owner_namespace_is_flagged) ... ok
test_default_frontier_excludes_reversible_portfolio_and_corpus (test_west_contract.WestContractTests.test_default_frontier_excludes_reversible_portfolio_and_corpus) ... ok
test_default_group_filter_matches_policy_and_seals_non_release (test_west_contract.WestContractTests.test_default_group_filter_matches_policy_and_seals_non_release) ... ok
test_extension_commands_have_no_do_authority (test_west_contract.WestContractTests.test_extension_commands_have_no_do_authority) ... ok
test_feature_surface_is_exercised_not_just_declared (test_west_contract.WestContractTests.test_feature_surface_is_exercised_not_just_declared) ... ok
test_manifest_uses_versioned_imports_extensions_and_prefixing (test_west_contract.WestContractTests.test_manifest_uses_versioned_imports_extensions_and_prefixing) ... ok
test_public_portfolio_is_preserved_but_inactive (test_west_contract.WestContractTests.test_public_portfolio_is_preserved_but_inactive) ... ok

----------------------------------------------------------------------
Ran 538 tests in 77.985s

OK
aaaaaaaaaaaaaaaaaaaaaaaaaaaaaaaaaaaaaaaa
{"detail": "seanchatmangpt/example:run-1:bbbbbbbbbbbbbbbbbbbbbbbbbbbbbbbbbbbbbbbb!=aaaaaaaaaaaaaaaaaaaaaaaaaaaaaaaaaaaaaaaa", "refusal": "REFUSED[EVIDENCE_WRONG_HEAD]", "standing": "REFUSED"}
CI_JOB_STEP_PASS step=5 name='Run Python control-plane fixtures'
CI_JOB_STEP step=6 name='cargo test --locked --workspace --all-features' cwd=.
[1m[92m    Finished[0m `test` profile [unoptimized + debuginfo] target(s) in 0.13s
[1m[92m     Running[0m unittests src/lib.rs (target/debug/deps/chatman_ecosystem-69026f74e6ce2244)

running 5 tests
test tests::sha256_matches_known_vector ... ok
test tests::source_admission_refuses_wrong_authority_owner ... ok
test tests::broker_receipts_success_mutation_and_denial ... ok
test tests::gateway_proves_channels_identity_and_content_fences ... ok
test tests::wasm_proves_import_digest_and_fuel_fences ... ok

test result: ok. 5 passed; 0 failed; 0 ignored; 0 measured; 0 filtered out; finished in 0.00s

[1m[92m     Running[0m unittests src/bin/gall.rs (target/debug/deps/gall-59722b5b9a653b59)

running 0 tests

test result: ok. 0 passed; 0 failed; 0 ignored; 0 measured; 0 filtered out; finished in 0.00s

[1m[92m     Running[0m tests/report_standing.rs (target/debug/deps/report_standing-f8837b2dd8456b1c)

running 8 tests
test empty_report_crown_line_is_unknown ... ok
test exit_code_fails_closed_for_non_alive_standing ... ok
test crown_line_for_alive_report_keeps_shape ... ok
test crown_line_reports_derived_standing ... ok
test all_alive_reports_alive ... ok
test empty_report_is_unknown ... ok
test blocked_checkpoint_is_not_reported_alive ... ok
test run_gall_report_is_alive_and_well_formed ... ok

test result: ok. 8 passed; 0 failed; 0 ignored; 0 measured; 0 filtered out; finished in 0.00s

[1m[92m     Running[0m unittests src/main.rs (target/debug/deps/ecosystem-5040e61e63cae306)

running 0 tests

test result: ok. 0 passed; 0 failed; 0 ignored; 0 measured; 0 filtered out; finished in 0.00s

[1m[92m     Running[0m unittests src/bin/old-estate-revops.rs (target/debug/deps/old_estate_revops-ca27438637ffc77a)

running 14 tests
test tests::manifest_has_expected_repository_count ... ok
test tests::all_active_strategies_have_positive_scores ... ok
test tests::dependency_only_repositories_never_construct ... ok
test tests::exact_subject_receipt_rejects_non_sha ... ok
test tests::nano_stack_is_negative_evidence ... ok
test tests::ostar_cannot_actuate_external_outcomes ... ok
test tests::communication_authority_stops_at_brce ... ok
test tests::communication_refuses_without_exact_authority ... ok
test tests::exact_authority_is_not_hierarchical ... ok
test tests::refused_false_friends_never_construct ... ok
test tests::repository_lookup_accepts_full_name ... ok
test tests::manifest_invariants_are_closed ... ok
test tests::exact_subject_receipt_is_signed_and_replayable ... ok
test tests::plan_is_deterministic ... ok

test result: ok. 14 passed; 0 failed; 0 ignored; 0 measured; 0 filtered out; finished in 0.00s

[1m[92m     Running[0m tests/capabilities.rs (target/debug/deps/capabilities-3418585d94c2af5e)

running 3 tests
test capability_cli_refuses_unknown_identity ... ok
test capability_cli_lists_exact_catalog ... ok
test capability_cli_projects_all_protocol_surfaces_without_do ... ok

test result: ok. 3 passed; 0 failed; 0 ignored; 0 measured; 0 filtered out; finished in 0.76s

[1m[92m     Running[0m tests/cli.rs (target/debug/deps/cli-184cc5450e5abf11)

running 9 tests
test crown_requires_exact_admission_evidence ... ok
test malformed_command_fails_closed ... ok
test help_and_version_are_process_contracts ... ok
test architecture_check_fails_closed_on_forbidden_dependency ... ok
test catalog_validate_fails_closed_on_missing_evidence ... ok
test component_admission_commands_are_black_box_verified ... ok
test projection_check_fails_closed_on_drift ... ok
test receipt_verify_all_fails_closed_on_tampered_body ... ok
test receipt_verify_all_fails_closed_on_unsealed_receipt ... ok

test result: ok. 9 passed; 0 failed; 0 ignored; 0 measured; 0 filtered out; finished in 14.85s

[1m[92m     Running[0m unittests src/lib.rs (target/debug/deps/ecosystem_core-04f75336ee0d5709)

running 7 tests
test tests::standing_and_authority_are_bounded ... ok
test tests::optional_rails_do_not_inherit_crown_requirement ... ok
test tests::crown_rejects_non_exact_subjects ... ok
test tests::architecture_gate_proves_it_can_fail ... ok
test tests::identities_and_subjects_fail_closed ... ok
test tests::receipt_tampering_is_detected ... ok
test tests::architecture_gate_rejects_every_manifest_spelling ... ok

test result: ok. 7 passed; 0 failed; 0 ignored; 0 measured; 0 filtered out; finished in 0.00s

[1m[92m     Running[0m unittests src/lib.rs (target/debug/deps/ecosystem_runtime-d6b6f562b0540b51)

running 13 tests
test tests::non_destructive_mutation_still_requires_broker ... ok
test commerce::tests::fulfillment_without_entitlement_is_refused ... ok
test commerce::tests::aws_concurrent_agreement_identity_is_required ... ok
test agent_lightning_commercial_plane::tests::rate_card_rejects_unpriced_or_overflowing_usage ... ok
test agent_lightning_commercial_plane::tests::byoc_requires_customer_managed_key ... ok
test tests::handle_refuses_mutating_tool_with_broker_error ... ok
test tests::mcp_and_connectors_fail_closed ... ok
test tests::replay_does_not_bypass_authority ... ok
test tests::governor_is_authority_bounded_and_idempotent ... ok
test agent_lightning_service::tests::paid_service_is_receipted_and_fail_closed ... ok
test tests::stores_are_equivalent ... ok
test commerce::tests::all_provider_paths_and_negative_fixtures_replay ... ok
test agent_lightning_commercial_plane::tests::full_commercial_plane_replays ... ok

test result: ok. 13 passed; 0 failed; 0 ignored; 0 measured; 0 filtered out; finished in 0.03s

[1m[92m     Running[0m unittests src/bin/agent-lightning-commercial.rs (target/debug/deps/agent_lightning_commercial-4c6d92a529380361)

running 0 tests

test result: ok. 0 passed; 0 failed; 0 ignored; 0 measured; 0 filtered out; finished in 0.00s

[1m[92m     Running[0m unittests src/bin/marketplace-commerce.rs (target/debug/deps/marketplace_commerce-363d52efa7b83693)

running 3 tests
test commerce::tests::aws_concurrent_agreement_identity_is_required ... ok
test commerce::tests::fulfillment_without_entitlement_is_refused ... ok
test commerce::tests::all_provider_paths_and_negative_fixtures_replay ... ok

test result: ok. 3 passed; 0 failed; 0 ignored; 0 measured; 0 filtered out; finished in 0.01s

[1m[92m     Running[0m unittests src/bin/wasm4pm-paas.rs (target/debug/deps/wasm4pm_paas-309806b232820534)

running 3 tests
test tests::exact_session_exports_are_admitted ... ok
test tests::unknown_export_is_not_admitted ... ok
test tests::identity_requires_all_exports_and_nonempty_wasm ... ok

test result: ok. 3 passed; 0 failed; 0 ignored; 0 measured; 0 filtered out; finished in 0.00s

[1m[92m     Running[0m tests/agent_lightning_commercial_integration.rs (target/debug/deps/agent_lightning_commercial_integration-314f747b858860b7)

running 1 test
test replay_survives_saturated_budget_and_revocation_fails_closed ... ok

test result: ok. 1 passed; 0 failed; 0 ignored; 0 measured; 0 filtered out; finished in 0.00s

[1m[92m     Running[0m unittests src/lib.rs (target/debug/deps/hditc-9666d1801b88b1b1)

running 8 tests
test tests::dfcm_preserves_lawful_frontier_and_fences_irreversible_edges ... ok
test tests::critical_unknown_refuses_admission ... ok
test tests::exact_authority_and_subject_are_not_inferred ... ok
test tests::reservation_failure_means_zero_actuation ... ok
test tests::zero_unreceipted_actuation_is_executed_not_documented ... ok
test tests::actuator_acknowledgement_is_not_done ... ok
test tests::ambiguous_actuation_is_not_retried_or_promoted ... ok
test tests::replay_is_pure_verification_of_the_exact_observed_world ... ok

test result: ok. 8 passed; 0 failed; 0 ignored; 0 measured; 0 filtered out; finished in 0.00s

[1m[92m   Doc-tests[0m chatman_ecosystem

running 0 tests

test result: ok. 0 passed; 0 failed; 0 ignored; 0 measured; 0 filtered out; finished in 0.00s

[1m[92m   Doc-tests[0m ecosystem_core

running 0 tests

test result: ok. 0 passed; 0 failed; 0 ignored; 0 measured; 0 filtered out; finished in 0.00s

[1m[92m   Doc-tests[0m ecosystem_runtime

running 0 tests

test result: ok. 0 passed; 0 failed; 0 ignored; 0 measured; 0 filtered out; finished in 0.00s

[1m[92m   Doc-tests[0m hditc

running 0 tests

test result: ok. 0 passed; 0 failed; 0 ignored; 0 measured; 0 filtered out; finished in 0.00s

CI_JOB_STEP_PASS step=6 name='cargo test --locked --workspace --all-features'
CI_JOB_STEP step=7 name="RUSTDOCFLAGS='-D warnings' cargo doc --locked --workspace --all-features --no-deps" cwd=.
[1m[92m    Checking[0m ecosystem-core v26.8.23 (/Users/sac/chatman-ecosystem/crates/ecosystem-core)
[1m[92m Documenting[0m chatman-ecosystem-gall v0.1.0 (/Users/sac/chatman-ecosystem/crates/gall)
[1m[92m    Checking[0m chatman-ecosystem-gall v0.1.0 (/Users/sac/chatman-ecosystem/crates/gall)
[1m[92m Documenting[0m ecosystem-core v26.8.23 (/Users/sac/chatman-ecosystem/crates/ecosystem-core)
[1m[92m    Checking[0m ecosystem-runtime v26.8.23 (/Users/sac/chatman-ecosystem/crates/ecosystem-runtime)
[1m[92m Documenting[0m ecosystem-runtime v26.8.23 (/Users/sac/chatman-ecosystem/crates/ecosystem-runtime)
[1m[92m Documenting[0m hditc v26.8.23 (/Users/sac/chatman-ecosystem/crates/hditc)
[1m[92m Documenting[0m ecosystem-cli v26.8.23 (/Users/sac/chatman-ecosystem/apps/ecosystem-cli)
[1m[92m    Finished[0m `dev` profile [unoptimized + debuginfo] target(s) in 1.82s
[1m[92m   Generated[0m /Users/sac/chatman-ecosystem/target/doc/chatman_ecosystem/index.html and 9 other files
CI_JOB_STEP_PASS step=7 name="RUSTDOCFLAGS='-D warnings' cargo doc --locked --workspace --all-features --no-deps"
CI_JOB_STEP step=8 name='cargo run --locked --quiet -p ecosystem-cli --bin ecosystem -- storage verify' cwd=.
STORAGE_MEMORY_ALIVE STORAGE_SQLX_ALIVE
CI_JOB_STEP_PASS step=8 name='cargo run --locked --quiet -p ecosystem-cli --bin ecosystem -- storage verify'
CI_JOB_STEP step=9 name='cargo run --locked --quiet -p ecosystem-cli --bin ecosystem -- receipt verify-all' cwd=.
RECEIPTS_ALIVE count=5
CI_JOB_STEP_PASS step=9 name='cargo run --locked --quiet -p ecosystem-cli --bin ecosystem -- receipt verify-all'
CI_JOB_STEP step=10 name='Build exact-head candidate' cwd=.
[1m[92m   Compiling[0m proc-macro2 v1.0.107
[1m[92m   Compiling[0m unicode-ident v1.0.24
[1m[92m   Compiling[0m quote v1.0.47
[1m[92m   Compiling[0m libc v0.2.189
[1m[92m   Compiling[0m cfg-if v1.0.4
[1m[92m   Compiling[0m version_check v0.9.5
[1m[92m   Compiling[0m stable_deref_trait v1.2.1
[1m[92m   Compiling[0m shlex v2.0.1
[1m[92m   Compiling[0m find-msvc-tools v0.1.11
[1m[92m   Compiling[0m serde_core v1.0.229
[1m[92m   Compiling[0m smallvec v1.15.2
[1m[92m   Compiling[0m memchr v2.8.3
[1m[92m   Compiling[0m writeable v0.6.4
[1m[92m   Compiling[0m zmij v1.0.23
[1m[92m   Compiling[0m scopeguard v1.2.0
[1m[92m   Compiling[0m litemap v0.8.3
[1m[92m   Compiling[0m lock_api v0.4.14
[1m[92m   Compiling[0m equivalent v1.0.2
[1m[92m   Compiling[0m pin-project-lite v0.2.17
[1m[92m   Compiling[0m cc v1.4.3
[1m[92m   Compiling[0m serde v1.0.229
[1m[92m   Compiling[0m utf8_iter v1.0.4
[1m[92m   Compiling[0m icu_properties_data v2.3.0
[1m[92m   Compiling[0m icu_normalizer_data v2.3.0
[1m[92m   Compiling[0m parking_lot_core v0.9.12
[1m[92m   Compiling[0m serde_json v1.0.151
[1m[92m   Compiling[0m crossbeam-utils v0.8.22
[1m[92m   Compiling[0m generic-array v0.14.7
[1m[92m   Compiling[0m hashbrown v0.17.1
[1m[92m   Compiling[0m autocfg v1.5.1
[1m[92m   Compiling[0m futures-core v0.3.34
[1m[92m   Compiling[0m num-traits v0.2.19
[1m[92m   Compiling[0m typenum v1.20.1
[1m[92m   Compiling[0m once_cell v1.21.4
[1m[92m   Compiling[0m indexmap v2.14.0
[1m[92m   Compiling[0m bytes v1.12.1
[1m[92m   Compiling[0m percent-encoding v2.3.2
[1m[92m   Compiling[0m zeroize v1.9.0
[1m[92m   Compiling[0m log v0.4.33
[1m[92m   Compiling[0m futures-sink v0.3.34
[1m[92m   Compiling[0m rustls-pki-types v1.15.1
[1m[92m   Compiling[0m ring v0.17.14
[1m[92m   Compiling[0m form_urlencoded v1.2.2
[1m[92m   Compiling[0m linkme v0.3.37
[1m[92m   Compiling[0m linkme-impl v0.3.37
[1m[92m   Compiling[0m untrusted v0.9.0
[1m[92m   Compiling[0m itoa v1.0.18
[1m[92m   Compiling[0m thiserror v2.0.20
[1m[92m   Compiling[0m proc-macro-error-attr v1.0.4
[1m[92m   Compiling[0m deunicode v1.6.2
[1m[92m   Compiling[0m futures-io v0.3.34
[1m[92m   Compiling[0m syn v3.0.3
[1m[92m   Compiling[0m syn v2.0.119
[1m[92m   Compiling[0m block-buffer v0.10.4
[1m[92m   Compiling[0m crypto-common v0.1.7
[1m[92m   Compiling[0m utf8parse v0.2.2
[1m[92m   Compiling[0m slab v0.4.12
[1m[92m   Compiling[0m syn v1.0.109
[1m[92m   Compiling[0m futures-task v0.3.34
[1m[92m   Compiling[0m foldhash v0.2.0
[1m[92m   Compiling[0m errno v0.3.14
[1m[92m   Compiling[0m socket2 v0.6.5
[1m[92m   Compiling[0m signal-hook-registry v1.4.8
[1m[92m   Compiling[0m mio v1.2.2
[1m[92m   Compiling[0m parking_lot v0.12.5
[1m[92m   Compiling[0m getrandom v0.2.17
[1m[92m   Compiling[0m vcpkg v0.2.15
[1m[92m   Compiling[0m allocator-api2 v0.2.21
[1m[92m   Compiling[0m pkg-config v0.3.34
[1m[92m   Compiling[0m rustls v0.23.43
[1m[92m   Compiling[0m hashbrown v0.16.1
[1m[92m   Compiling[0m cpufeatures v0.2.17
[1m[92m   Compiling[0m futures-util v0.3.34
[1m[92m   Compiling[0m libsqlite3-sys v0.37.0
[1m[92m   Compiling[0m anstyle-parse v1.0.0
[1m[92m   Compiling[0m digest v0.10.7
[1m[92m   Compiling[0m synstructure v0.13.2
[1m[92m   Compiling[0m slug v0.1.6
[1m[92m   Compiling[0m tracing-core v0.1.36
[1m[92m   Compiling[0m proc-macro-error v1.0.4
[1m[92m   Compiling[0m anstyle v1.0.14
[1m[92m   Compiling[0m crc-catalog v2.5.0
[1m[92m   Compiling[0m anstyle-query v1.1.5
[1m[92m   Compiling[0m parking v2.2.1
[1m[92m   Compiling[0m subtle v2.6.1
[1m[92m   Compiling[0m colorchoice v1.0.5
[1m[92m   Compiling[0m is_terminal_polyfill v1.70.2
[1m[92m   Compiling[0m event-listener v5.4.2
[1m[92m   Compiling[0m crc v3.4.0
[1m[92m   Compiling[0m anstream v1.0.0
[1m[92m   Compiling[0m sha2 v0.10.9
[1m[92m   Compiling[0m hashlink v0.11.1
[1m[92m   Compiling[0m futures-intrusive v0.5.0
[1m[92m   Compiling[0m crossbeam-queue v0.3.13
[1m[92m   Compiling[0m webpki-roots v1.0.9
[1m[92m   Compiling[0m blake3 v1.8.6
[1m[92m   Compiling[0m aho-corasick v1.1.5
[1m[92m   Compiling[0m spin v0.9.9
[1m[92m   Compiling[0m zerovec-derive v0.11.4
[1m[92m   Compiling[0m displaydoc v0.2.7
[1m[92m   Compiling[0m serde_derive v1.0.229
[1m[92m   Compiling[0m tokio-macros v2.7.2
[1m[92m   Compiling[0m thiserror-impl v2.0.20
[1m[92m   Compiling[0m zerofrom-derive v0.1.7
[1m[92m   Compiling[0m yoke-derive v0.8.2
[1m[92m   Compiling[0m tracing-attributes v0.1.31
[1m[92m   Compiling[0m tokio v1.53.1
[1m[92m   Compiling[0m jmespath v0.3.0
[1m[92m   Compiling[0m either v1.17.0
[1m[92m   Compiling[0m core-foundation-sys v0.8.7
[1m[92m   Compiling[0m thiserror v1.0.69
[1m[92m   Compiling[0m winnow v0.7.15
[1m[92m   Compiling[0m clap_lex v1.1.0
[1m[92m   Compiling[0m same-file v1.0.6
[1m[92m   Compiling[0m winnow v1.0.4
[1m[92m   Compiling[0m anyhow v1.0.104
[1m[92m   Compiling[0m toml_write v0.1.2
[1m[92m   Compiling[0m regex-syntax v0.8.11
[1m[92m   Compiling[0m base64 v0.22.1
[1m[92m   Compiling[0m zerofrom v0.1.8
[1m[92m   Compiling[0m heck v0.5.0
[1m[92m   Compiling[0m strsim v0.11.1
[1m[92m   Compiling[0m toml_parser v1.1.3+spec-1.1.0
[1m[92m   Compiling[0m clap_derive v4.5.61
[1m[92m   Compiling[0m clap_builder v4.5.61
[1m[92m   Compiling[0m tracing v0.1.44
[1m[92m   Compiling[0m yoke v0.8.3
[1m[92m   Compiling[0m iana-time-zone v0.1.65
[1m[92m   Compiling[0m walkdir v2.5.0
[1m[92m   Compiling[0m regex-automata v0.4.18
[1m[92m   Compiling[0m futures-executor v0.3.34
[1m[92m   Compiling[0m thiserror-impl v1.0.69
[1m[92m   Compiling[0m flume v0.12.0
[1m[92m   Compiling[0m zerovec v0.11.7
[1m[92m   Compiling[0m zerotrie v0.2.5
[1m[92m   Compiling[0m atoi v2.0.0
[1m[92m   Compiling[0m crossbeam-channel v0.5.16
[1m[92m   Compiling[0m fsevent-sys v4.1.0
[1m[92m   Compiling[0m filetime v0.2.29
[1m[92m   Compiling[0m serde_spanned v1.1.1
[1m[92m   Compiling[0m toml_datetime v1.1.1+spec-1.1.0
[1m[92m   Compiling[0m futures-channel v0.3.34
[1m[92m   Compiling[0m arrayvec v0.7.8
[1m[92m   Compiling[0m unsafe-libyaml v0.2.11
[1m[92m   Compiling[0m bitflags v2.13.1
[1m[92m   Compiling[0m rustls-webpki v0.103.14
[1m[92m   Compiling[0m ryu v1.0.23
[1m[92m   Compiling[0m toml_writer v1.1.2+spec-1.1.0
[1m[92m   Compiling[0m lazy_static v1.5.0
[1m[92m   Compiling[0m serde_spanned v0.6.9
[1m[92m   Compiling[0m toml_datetime v0.6.11
[1m[92m   Compiling[0m arrayref v0.3.9
[1m[92m   Compiling[0m constant_time_eq v0.4.2
[1m[92m   Compiling[0m serde_yaml v0.9.34+deprecated
[1m[92m   Compiling[0m toml_edit v0.22.27
[1m[92m   Compiling[0m regex v1.13.1
[1m[92m   Compiling[0m tinystr v0.8.4
[1m[92m   Compiling[0m potential_utf v0.1.6
[1m[92m   Compiling[0m icu_locale_core v2.3.0
[1m[92m   Compiling[0m icu_collections v2.3.0
[1m[92m   Compiling[0m tokio-stream v0.1.19
[1m[92m   Compiling[0m toml v1.1.4+spec-1.1.0
[1m[92m   Compiling[0m notify v6.1.1
[1m[92m   Compiling[0m clap-noun-verb-macros v26.9.1 (https://github.com/seanchatmangpt/clap-noun-verb.git?rev=a0f9f79b88e454742ec7c17c91ca31837cabc2c8#a0f9f79b)
[1m[92m   Compiling[0m icu_provider v2.3.0
[1m[92m   Compiling[0m icu_normalizer v2.3.0
[1m[92m   Compiling[0m icu_properties v2.3.0
[1m[92m   Compiling[0m clap v4.5.61
[1m[92m   Compiling[0m toml v0.8.23
[1m[92m   Compiling[0m idna_adapter v1.2.2
[1m[92m   Compiling[0m idna v1.1.0
[1m[92m   Compiling[0m chrono v0.4.45
[1m[92m   Compiling[0m url v2.5.8
[1m[92m   Compiling[0m ecosystem-core v26.8.23 (/Users/sac/chatman-ecosystem/crates/ecosystem-core)
[1m[92m   Compiling[0m async-trait v0.1.92
[1m[92m   Compiling[0m sqlx-core v0.9.0
[1m[92m   Compiling[0m clap-noun-verb v26.9.1 (https://github.com/seanchatmangpt/clap-noun-verb.git?rev=a0f9f79b88e454742ec7c17c91ca31837cabc2c8#a0f9f79b)
[1m[92m   Compiling[0m clap-noun-verb-deploy v26.9.1 (https://github.com/seanchatmangpt/clap-noun-verb.git?rev=a0f9f79b88e454742ec7c17c91ca31837cabc2c8#a0f9f79b)
[1m[92m   Compiling[0m sqlx-sqlite v0.9.0
[1m[92m   Compiling[0m sqlx v0.9.0
[1m[92m   Compiling[0m ecosystem-runtime v26.8.23 (/Users/sac/chatman-ecosystem/crates/ecosystem-runtime)
[1m[92m   Compiling[0m ecosystem-cli v26.8.23 (/Users/sac/chatman-ecosystem/apps/ecosystem-cli)
[1m[92m    Finished[0m `release` profile [optimized] target(s) in 40.48s
CI_JOB_STEP_PASS step=10 name='Build exact-head candidate'
CI_JOB_STEP step=11 name='Stage exact-head candidate artifact' cwd=.
{
  "source_sha": "ec2965b6ef22889a0258778368c36433023a3d6e",
  "toolchain": "rustc 1.97.1 (8bab26f4f 2026-07-14)",
  "target": "aarch64-apple-darwin",
  "cargo_lock_sha256": "cbaf05519b8df0d78e1087a9526c629115416d8609dfcb4188c4f0c786be6c82",
  "binary_sha256": "55f104a417bbabb66f370ff4fbf28aa66e7de34d7f344e53060ad40642496e99"
}
CI_JOB_STEP_PASS step=11 name='Stage exact-head candidate artifact'
CI_JOB_SKIP_USES step=12 uses=actions/upload-artifact@043fb46d1a93c77aae656e7c1c64a875d1fc6a0a
CI_JOB_PASS .github/workflows/crown.yml#test head=ec2965b6ef22889a0258778368c36433023a3d6e
COURT_GATE_PASS order=5 name=ci.crown.test
COURT_GATE_RUN order=6 name=ci.crown.cold-cache
CI_JOB_HOST_SHIM the host's python3 resolves `tests` to /opt/homebrew/lib/python3.14/site-packages/tests/__init__.py, which shadows the repository's tests/ namespace directory (`python3 -m unittest tests.<module>` cannot import it); PYTHONPATH leads with a scratch tests package whose __path__ is /Users/sac/chatman-ecosystem/tests
CI_JOB .github/workflows/crown.yml#cold-cache name='Cold-cache correctness' head=ec2965b6ef22889a0258778368c36433023a3d6e steps=3
CI_JOB_SKIP_USES step=1 uses=actions/checkout@d23441a48e516b6c34aea4fa41551a30e30af803
CI_JOB_SKIP_USES step=2 uses=dtolnay/rust-toolchain@032958afbdc797a9164d3bc0b56325c1308924a5
CI_JOB_STEP step=3 name='./scripts/cold-cache.sh' cwd=.
[1m[92m   Compiling[0m proc-macro2 v1.0.107
[1m[92m   Compiling[0m unicode-ident v1.0.24
[1m[92m   Compiling[0m quote v1.0.47
[1m[92m   Compiling[0m libc v0.2.189
[1m[92m   Compiling[0m cfg-if v1.0.4
[1m[92m   Compiling[0m shlex v2.0.1
[1m[92m   Compiling[0m find-msvc-tools v0.1.11
[1m[92m   Compiling[0m serde_core v1.0.229
[1m[92m   Compiling[0m version_check v0.9.5
[1m[92m   Compiling[0m memchr v2.8.3
[1m[92m   Compiling[0m stable_deref_trait v1.2.1
[1m[92m   Compiling[0m smallvec v1.15.2
[1m[92m   Compiling[0m serde v1.0.229
[1m[92m   Compiling[0m scopeguard v1.2.0
[1m[92m   Compiling[0m zmij v1.0.23
[1m[92m   Compiling[0m serde_json v1.0.151
[1m[92m   Compiling[0m lock_api v0.4.14
[1m[92m   Compiling[0m parking_lot_core v0.9.12
[1m[92m   Compiling[0m pin-project-lite v0.2.17
[1m[92m   Compiling[0m itoa v1.0.18
[1m[92m   Compiling[0m writeable v0.6.4
[1m[92m   Compiling[0m litemap v0.8.3
[1m[92m   Compiling[0m cc v1.4.3
[1m[92m   Compiling[0m utf8_iter v1.0.4
[1m[92m   Compiling[0m icu_properties_data v2.3.0
[1m[92m   Compiling[0m thiserror v2.0.20
[1m[92m   Compiling[0m equivalent v1.0.2
[1m[92m   Compiling[0m icu_normalizer_data v2.3.0
[1m[92m   Compiling[0m bytes v1.12.1
[1m[92m   Compiling[0m crossbeam-utils v0.8.22
[1m[92m   Compiling[0m generic-array v0.14.7
[1m[92m   Compiling[0m hashbrown v0.17.1
[1m[92m   Compiling[0m futures-core v0.3.34
[1m[92m   Compiling[0m autocfg v1.5.1
[1m[92m   Compiling[0m num-traits v0.2.19
[1m[92m   Compiling[0m winnow v1.0.4
[1m[92m   Compiling[0m indexmap v2.14.0
[1m[92m   Compiling[0m once_cell v1.21.4
[1m[92m   Compiling[0m typenum v1.20.1
[1m[92m   Compiling[0m toml_parser v1.1.3+spec-1.1.0
[1m[92m   Compiling[0m ring v0.17.14
[1m[92m   Compiling[0m blake3 v1.8.6
[1m[92m   Compiling[0m futures-sink v0.3.34
[1m[92m   Compiling[0m arrayvec v0.7.8
[1m[92m   Compiling[0m percent-encoding v2.3.2
[1m[92m   Compiling[0m zeroize v1.9.0
[1m[92m   Compiling[0m toml_writer v1.1.2+spec-1.1.0
[1m[92m   Compiling[0m log v0.4.33
[1m[92m   Compiling[0m constant_time_eq v0.4.2
[1m[92m   Compiling[0m arrayref v0.3.9
[1m[92m   Compiling[0m rustls-pki-types v1.15.1
[1m[92m   Compiling[0m form_urlencoded v1.2.2
[1m[92m   Compiling[0m untrusted v0.9.0
[1m[92m   Compiling[0m pkg-config v0.3.34
[1m[92m   Compiling[0m allocator-api2 v0.2.21
[1m[92m   Compiling[0m futures-task v0.3.34
[1m[92m   Compiling[0m slab v0.4.12
[1m[92m   Compiling[0m futures-io v0.3.34
[1m[92m   Compiling[0m foldhash v0.2.0
[1m[92m   Compiling[0m rustls v0.23.43
[1m[92m   Compiling[0m vcpkg v0.2.15
[1m[92m   Compiling[0m hashbrown v0.16.1
[1m[92m   Compiling[0m futures-util v0.3.34
[1m[92m   Compiling[0m tracing-core v0.1.36
[1m[92m   Compiling[0m parking v2.2.1
[1m[92m   Compiling[0m crc-catalog v2.5.0
[1m[92m   Compiling[0m libsqlite3-sys v0.37.0
[1m[92m   Compiling[0m subtle v2.6.1
[1m[92m   Compiling[0m crc v3.4.0
[1m[92m   Compiling[0m syn v3.0.3
[1m[92m   Compiling[0m syn v2.0.119
[1m[92m   Compiling[0m hashlink v0.11.1
[1m[92m   Compiling[0m event-listener v5.4.2
[1m[92m   Compiling[0m webpki-roots v1.0.9
[1m[92m   Compiling[0m spin v0.9.9
[1m[92m   Compiling[0m base64 v0.22.1
[1m[92m   Compiling[0m either v1.17.0
[1m[92m   Compiling[0m flume v0.12.0
[1m[92m   Compiling[0m futures-channel v0.3.34
[1m[92m   Compiling[0m toml_datetime v1.1.1+spec-1.1.0
[1m[92m   Compiling[0m serde_spanned v1.1.1
[1m[92m   Compiling[0m errno v0.3.14
[1m[92m   Compiling[0m socket2 v0.6.5
[1m[92m   Compiling[0m mio v1.2.2
[1m[92m   Compiling[0m signal-hook-registry v1.4.8
[1m[92m   Compiling[0m parking_lot v0.12.5
[1m[92m   Compiling[0m toml v1.1.4+spec-1.1.0
[1m[92m   Compiling[0m getrandom v0.2.17
[1m[92m   Compiling[0m cpufeatures v0.2.17
[1m[92m   Compiling[0m futures-intrusive v0.5.0
[1m[92m   Compiling[0m futures-executor v0.3.34
[1m[92m   Compiling[0m proc-macro-error-attr v1.0.4
[1m[92m   Compiling[0m linkme-impl v0.3.37
[1m[92m   Compiling[0m utf8parse v0.2.2
[1m[92m   Compiling[0m syn v1.0.109
[1m[92m   Compiling[0m deunicode v1.6.2
[1m[92m   Compiling[0m slug v0.1.6
[1m[92m   Compiling[0m anstyle-parse v1.0.0
[1m[92m   Compiling[0m crossbeam-queue v0.3.13
[1m[92m   Compiling[0m proc-macro-error v1.0.4
[1m[92m   Compiling[0m anstyle-query v1.1.5
[1m[92m   Compiling[0m anstyle v1.0.14
[1m[92m   Compiling[0m linkme v0.3.37
[1m[92m   Compiling[0m is_terminal_polyfill v1.70.2
[1m[92m   Compiling[0m colorchoice v1.0.5
[1m[92m   Compiling[0m anstream v1.0.0
[1m[92m   Compiling[0m aho-corasick v1.1.5
[1m[92m   Compiling[0m block-buffer v0.10.4
[1m[92m   Compiling[0m crypto-common v0.1.7
[1m[92m   Compiling[0m clap_lex v1.1.0
[1m[92m   Compiling[0m digest v0.10.7
[1m[92m   Compiling[0m sha2 v0.10.9
[1m[92m   Compiling[0m thiserror v1.0.69
[1m[92m   Compiling[0m winnow v0.7.15
[1m[92m   Compiling[0m synstructure v0.13.2
[1m[92m   Compiling[0m anyhow v1.0.104
[1m[92m   Compiling[0m atoi v2.0.0
[1m[92m   Compiling[0m same-file v1.0.6
[1m[92m   Compiling[0m heck v0.5.0
[1m[92m   Compiling[0m regex-syntax v0.8.11
[1m[92m   Compiling[0m strsim v0.11.1
[1m[92m   Compiling[0m toml_write v0.1.2
[1m[92m   Compiling[0m core-foundation-sys v0.8.7
[1m[92m   Compiling[0m clap_builder v4.5.61
[1m[92m   Compiling[0m iana-time-zone v0.1.65
[1m[92m   Compiling[0m walkdir v2.5.0
[1m[92m   Compiling[0m zerovec-derive v0.11.4
[1m[92m   Compiling[0m serde_derive v1.0.229
[1m[92m   Compiling[0m displaydoc v0.2.7
[1m[92m   Compiling[0m tokio-macros v2.7.2
[1m[92m   Compiling[0m zerofrom-derive v0.1.7
[1m[92m   Compiling[0m yoke-derive v0.8.2
[1m[92m   Compiling[0m thiserror-impl v2.0.20
[1m[92m   Compiling[0m tokio v1.53.1
[1m[92m   Compiling[0m tracing-attributes v0.1.31
[1m[92m   Compiling[0m async-trait v0.1.92
[1m[92m   Compiling[0m zerofrom v0.1.8
[1m[92m   Compiling[0m regex-automata v0.4.18
[1m[92m   Compiling[0m tracing v0.1.44
[1m[92m   Compiling[0m thiserror-impl v1.0.69
[1m[92m   Compiling[0m clap_derive v4.5.61
[1m[92m   Compiling[0m crossbeam-channel v0.5.16
[1m[92m   Compiling[0m yoke v0.8.3
[1m[92m   Compiling[0m fsevent-sys v4.1.0
[1m[92m   Compiling[0m rustls-webpki v0.103.14
[1m[92m   Compiling[0m filetime v0.2.29
[1m[92m   Compiling[0m unsafe-libyaml v0.2.11
[1m[92m   Compiling[0m lazy_static v1.5.0
[1m[92m   Compiling[0m ryu v1.0.23
[1m[92m   Compiling[0m bitflags v2.13.1
[1m[92m   Compiling[0m regex v1.13.1
[1m[92m   Compiling[0m notify v6.1.1
[1m[92m   Compiling[0m jmespath v0.3.0
[1m[92m   Compiling[0m clap v4.5.61
[1m[92m   Compiling[0m chrono v0.4.45
[1m[92m   Compiling[0m chatman-ecosystem-gall v0.1.0 (/Users/sac/chatman-ecosystem/crates/gall)
[1m[92m   Compiling[0m ecosystem-core v26.8.23 (/Users/sac/chatman-ecosystem/crates/ecosystem-core)
[1m[92m   Compiling[0m toml_datetime v0.6.11
[1m[92m   Compiling[0m serde_spanned v0.6.9
[1m[92m   Compiling[0m serde_yaml v0.9.34+deprecated
[1m[92m   Compiling[0m toml_edit v0.22.27
[1m[92m   Compiling[0m tokio-stream v0.1.19
[1m[92m   Compiling[0m hditc v26.8.23 (/Users/sac/chatman-ecosystem/crates/hditc)
[1m[92m   Compiling[0m clap-noun-verb-macros v26.9.1 (https://github.com/seanchatmangpt/clap-noun-verb.git?rev=a0f9f79b88e454742ec7c17c91ca31837cabc2c8#a0f9f79b)
[1m[92m   Compiling[0m zerovec v0.11.7
[1m[92m   Compiling[0m zerotrie v0.2.5
[1m[92m   Compiling[0m toml v0.8.23
[1m[92m   Compiling[0m tinystr v0.8.4
[1m[92m   Compiling[0m potential_utf v0.1.6
[1m[92m   Compiling[0m icu_collections v2.3.0
[1m[92m   Compiling[0m icu_locale_core v2.3.0
[1m[92m   Compiling[0m icu_provider v2.3.0
[1m[92m   Compiling[0m icu_normalizer v2.3.0
[1m[92m   Compiling[0m icu_properties v2.3.0
[1m[92m   Compiling[0m idna_adapter v1.2.2
[1m[92m   Compiling[0m idna v1.1.0
[1m[92m   Compiling[0m url v2.5.8
[1m[92m   Compiling[0m sqlx-core v0.9.0
[1m[92m   Compiling[0m clap-noun-verb v26.9.1 (https://github.com/seanchatmangpt/clap-noun-verb.git?rev=a0f9f79b88e454742ec7c17c91ca31837cabc2c8#a0f9f79b)
[1m[92m   Compiling[0m sqlx-sqlite v0.9.0
[1m[92m   Compiling[0m clap-noun-verb-deploy v26.9.1 (https://github.com/seanchatmangpt/clap-noun-verb.git?rev=a0f9f79b88e454742ec7c17c91ca31837cabc2c8#a0f9f79b)
[1m[92m   Compiling[0m sqlx v0.9.0
[1m[92m   Compiling[0m ecosystem-runtime v26.8.23 (/Users/sac/chatman-ecosystem/crates/ecosystem-runtime)
[1m[92m   Compiling[0m ecosystem-cli v26.8.23 (/Users/sac/chatman-ecosystem/apps/ecosystem-cli)
[1m[92m    Finished[0m `test` profile [unoptimized + debuginfo] target(s) in 18.03s
[1m[92m     Running[0m unittests src/lib.rs (target/debug/deps/chatman_ecosystem-69026f74e6ce2244)

running 5 tests
test tests::sha256_matches_known_vector ... ok
test tests::source_admission_refuses_wrong_authority_owner ... ok
test tests::broker_receipts_success_mutation_and_denial ... ok
test tests::gateway_proves_channels_identity_and_content_fences ... ok
test tests::wasm_proves_import_digest_and_fuel_fences ... ok

test result: ok. 5 passed; 0 failed; 0 ignored; 0 measured; 0 filtered out; finished in 0.00s

[1m[92m     Running[0m unittests src/bin/gall.rs (target/debug/deps/gall-59722b5b9a653b59)

running 0 tests

test result: ok. 0 passed; 0 failed; 0 ignored; 0 measured; 0 filtered out; finished in 0.00s

[1m[92m     Running[0m tests/report_standing.rs (target/debug/deps/report_standing-f8837b2dd8456b1c)

running 8 tests
test crown_line_for_alive_report_keeps_shape ... ok
test empty_report_crown_line_is_unknown ... ok
test crown_line_reports_derived_standing ... ok
test empty_report_is_unknown ... ok
test blocked_checkpoint_is_not_reported_alive ... ok
test all_alive_reports_alive ... ok
test exit_code_fails_closed_for_non_alive_standing ... ok
test run_gall_report_is_alive_and_well_formed ... ok

test result: ok. 8 passed; 0 failed; 0 ignored; 0 measured; 0 filtered out; finished in 0.00s

[1m[92m     Running[0m unittests src/main.rs (target/debug/deps/ecosystem-5040e61e63cae306)

running 0 tests

test result: ok. 0 passed; 0 failed; 0 ignored; 0 measured; 0 filtered out; finished in 0.00s

[1m[92m     Running[0m unittests src/bin/old-estate-revops.rs (target/debug/deps/old_estate_revops-ca27438637ffc77a)

running 14 tests
test tests::all_active_strategies_have_positive_scores ... ok
test tests::dependency_only_repositories_never_construct ... ok
test tests::communication_authority_stops_at_brce ... ok
test tests::communication_refuses_without_exact_authority ... ok
test tests::exact_authority_is_not_hierarchical ... ok
test tests::exact_subject_receipt_rejects_non_sha ... ok
test tests::manifest_has_expected_repository_count ... ok
test tests::nano_stack_is_negative_evidence ... ok
test tests::manifest_invariants_are_closed ... ok
test tests::ostar_cannot_actuate_external_outcomes ... ok
test tests::repository_lookup_accepts_full_name ... ok
test tests::refused_false_friends_never_construct ... ok
test tests::exact_subject_receipt_is_signed_and_replayable ... ok
test tests::plan_is_deterministic ... ok

test result: ok. 14 passed; 0 failed; 0 ignored; 0 measured; 0 filtered out; finished in 0.00s

[1m[92m     Running[0m tests/capabilities.rs (target/debug/deps/capabilities-3418585d94c2af5e)

running 3 tests
test capability_cli_refuses_unknown_identity ... ok
test capability_cli_lists_exact_catalog ... ok
test capability_cli_projects_all_protocol_surfaces_without_do ... ok

test result: ok. 3 passed; 0 failed; 0 ignored; 0 measured; 0 filtered out; finished in 0.67s

[1m[92m     Running[0m tests/cli.rs (target/debug/deps/cli-184cc5450e5abf11)

running 9 tests
test architecture_check_fails_closed_on_forbidden_dependency ... ok
test component_admission_commands_are_black_box_verified ... ok
test catalog_validate_fails_closed_on_missing_evidence ... ok
test crown_requires_exact_admission_evidence ... ok
test help_and_version_are_process_contracts ... ok
test malformed_command_fails_closed ... ok
test projection_check_fails_closed_on_drift ... ok
test receipt_verify_all_fails_closed_on_tampered_body ... ok
test receipt_verify_all_fails_closed_on_unsealed_receipt ... ok

test result: ok. 9 passed; 0 failed; 0 ignored; 0 measured; 0 filtered out; finished in 14.79s

[1m[92m     Running[0m unittests src/lib.rs (target/debug/deps/ecosystem_core-04f75336ee0d5709)

running 7 tests
test tests::standing_and_authority_are_bounded ... ok
test tests::optional_rails_do_not_inherit_crown_requirement ... ok
test tests::crown_rejects_non_exact_subjects ... ok
test tests::identities_and_subjects_fail_closed ... ok
test tests::architecture_gate_proves_it_can_fail ... ok
test tests::receipt_tampering_is_detected ... ok
test tests::architecture_gate_rejects_every_manifest_spelling ... ok

test result: ok. 7 passed; 0 failed; 0 ignored; 0 measured; 0 filtered out; finished in 0.00s

[1m[92m     Running[0m unittests src/lib.rs (target/debug/deps/ecosystem_runtime-d6b6f562b0540b51)

running 13 tests
test tests::non_destructive_mutation_still_requires_broker ... ok
test commerce::tests::fulfillment_without_entitlement_is_refused ... ok
test commerce::tests::aws_concurrent_agreement_identity_is_required ... ok
test agent_lightning_commercial_plane::tests::rate_card_rejects_unpriced_or_overflowing_usage ... ok
test agent_lightning_commercial_plane::tests::byoc_requires_customer_managed_key ... ok
test tests::handle_refuses_mutating_tool_with_broker_error ... ok
test tests::mcp_and_connectors_fail_closed ... ok
test tests::replay_does_not_bypass_authority ... ok
test tests::governor_is_authority_bounded_and_idempotent ... ok
test tests::stores_are_equivalent ... ok
test agent_lightning_service::tests::paid_service_is_receipted_and_fail_closed ... ok
test commerce::tests::all_provider_paths_and_negative_fixtures_replay ... ok
test agent_lightning_commercial_plane::tests::full_commercial_plane_replays ... ok

test result: ok. 13 passed; 0 failed; 0 ignored; 0 measured; 0 filtered out; finished in 0.03s

[1m[92m     Running[0m unittests src/bin/agent-lightning-commercial.rs (target/debug/deps/agent_lightning_commercial-4c6d92a529380361)

running 0 tests

test result: ok. 0 passed; 0 failed; 0 ignored; 0 measured; 0 filtered out; finished in 0.00s

[1m[92m     Running[0m unittests src/bin/marketplace-commerce.rs (target/debug/deps/marketplace_commerce-363d52efa7b83693)

running 3 tests
test commerce::tests::fulfillment_without_entitlement_is_refused ... ok
test commerce::tests::aws_concurrent_agreement_identity_is_required ... ok
test commerce::tests::all_provider_paths_and_negative_fixtures_replay ... ok

test result: ok. 3 passed; 0 failed; 0 ignored; 0 measured; 0 filtered out; finished in 0.01s

[1m[92m     Running[0m unittests src/bin/wasm4pm-paas.rs (target/debug/deps/wasm4pm_paas-309806b232820534)

running 3 tests
test tests::exact_session_exports_are_admitted ... ok
test tests::unknown_export_is_not_admitted ... ok
test tests::identity_requires_all_exports_and_nonempty_wasm ... ok

test result: ok. 3 passed; 0 failed; 0 ignored; 0 measured; 0 filtered out; finished in 0.00s

[1m[92m     Running[0m tests/agent_lightning_commercial_integration.rs (target/debug/deps/agent_lightning_commercial_integration-314f747b858860b7)

running 1 test
test replay_survives_saturated_budget_and_revocation_fails_closed ... ok

test result: ok. 1 passed; 0 failed; 0 ignored; 0 measured; 0 filtered out; finished in 0.00s

[1m[92m     Running[0m unittests src/lib.rs (target/debug/deps/hditc-9666d1801b88b1b1)

running 8 tests
test tests::dfcm_preserves_lawful_frontier_and_fences_irreversible_edges ... ok
test tests::critical_unknown_refuses_admission ... ok
test tests::exact_authority_and_subject_are_not_inferred ... ok
test tests::reservation_failure_means_zero_actuation ... ok
test tests::actuator_acknowledgement_is_not_done ... ok
test tests::ambiguous_actuation_is_not_retried_or_promoted ... ok
test tests::zero_unreceipted_actuation_is_executed_not_documented ... ok
test tests::replay_is_pure_verification_of_the_exact_observed_world ... ok

test result: ok. 8 passed; 0 failed; 0 ignored; 0 measured; 0 filtered out; finished in 0.00s

[1m[92m   Doc-tests[0m chatman_ecosystem

running 0 tests

test result: ok. 0 passed; 0 failed; 0 ignored; 0 measured; 0 filtered out; finished in 0.00s

[1m[92m   Doc-tests[0m ecosystem_core

running 0 tests

test result: ok. 0 passed; 0 failed; 0 ignored; 0 measured; 0 filtered out; finished in 0.00s

[1m[92m   Doc-tests[0m ecosystem_runtime

running 0 tests

test result: ok. 0 passed; 0 failed; 0 ignored; 0 measured; 0 filtered out; finished in 0.00s

[1m[92m   Doc-tests[0m hditc

running 0 tests

test result: ok. 0 passed; 0 failed; 0 ignored; 0 measured; 0 filtered out; finished in 0.00s

CATALOG_ALIVE
ARCHITECTURE_GATES_ALIVE
PROJECTION_ALIVE count=2
RECEIPTS_ALIVE count=5
STORAGE_MEMORY_ALIVE STORAGE_SQLX_ALIVE
CI_JOB_STEP_PASS step=3 name='./scripts/cold-cache.sh'
CI_JOB_PASS .github/workflows/crown.yml#cold-cache head=ec2965b6ef22889a0258778368c36433023a3d6e
COURT_GATE_PASS order=6 name=ci.crown.cold-cache
COURT_GATE_RUN order=7 name=ci.gall-crown
CI_JOB_HOST_SHIM the host's python3 resolves `tests` to /opt/homebrew/lib/python3.14/site-packages/tests/__init__.py, which shadows the repository's tests/ namespace directory (`python3 -m unittest tests.<module>` cannot import it); PYTHONPATH leads with a scratch tests package whose __path__ is /Users/sac/chatman-ecosystem/tests
CI_JOB .github/workflows/gall-crown.yml#gall name='S0-S3 exact-head crown' head=ec2965b6ef22889a0258778368c36433023a3d6e steps=8
CI_JOB_SKIP_USES step=1 uses=actions/checkout@d23441a48e516b6c34aea4fa41551a30e30af803
CI_JOB_STEP step=2 name='Assert exact candidate identity' cwd=.
CI_JOB_STEP_PASS step=2 name='Assert exact candidate identity'
CI_JOB_SKIP_USES step=3 uses=dtolnay/rust-toolchain@1.97.1
CI_JOB_STEP step=4 name='Verify format' cwd=.
CI_JOB_STEP_PASS step=4 name='Verify format'
CI_JOB_STEP step=5 name='Verify static boundaries' cwd=.
    Checking cfg-if v1.0.4
    Checking stable_deref_trait v1.2.1
    Checking memchr v2.8.3
    Checking smallvec v1.15.2
    Checking scopeguard v1.2.0
    Checking pin-project-lite v0.2.17
    Checking litemap v0.8.3
    Checking libc v0.2.189
    Checking serde_core v1.0.229
    Checking writeable v0.6.4
    Checking utf8_iter v1.0.4
    Checking equivalent v1.0.2
    Checking zerofrom v0.1.8
    Checking icu_properties_data v2.3.0
    Checking icu_normalizer_data v2.3.0
    Checking futures-core v0.3.34
    Checking bytes v1.12.1
    Checking itoa v1.0.18
    Checking lock_api v0.4.14
    Checking hashbrown v0.17.1
    Checking crossbeam-utils v0.8.22
    Checking zmij v1.0.23
    Checking once_cell v1.21.4
    Checking yoke v0.8.3
    Checking typenum v1.20.1
    Checking thiserror v2.0.20
    Checking zeroize v1.9.0
    Checking log v0.4.33
    Checking futures-sink v0.3.34
    Checking percent-encoding v2.3.2
    Checking num-traits v0.2.19
    Checking winnow v1.0.4
    Checking untrusted v0.9.0
    Checking toml_writer v1.1.2+spec-1.1.0
    Checking slab v0.4.12
    Checking zerovec v0.11.7
    Checking zerotrie v0.2.5
    Checking form_urlencoded v1.2.2
    Checking rustls-pki-types v1.15.1
    Checking allocator-api2 v0.2.21
    Checking constant_time_eq v0.4.2
    Checking arrayvec v0.7.8
    Checking futures-task v0.3.34
    Checking futures-io v0.3.34
    Checking foldhash v0.2.0
    Checking arrayref v0.3.9
    Checking tracing-core v0.1.36
    Checking futures-util v0.3.34
    Checking crc-catalog v2.5.0
    Checking subtle v2.6.1
    Checking blake3 v1.8.6
    Checking parking_lot_core v0.9.12
    Checking errno v0.3.14
    Checking mio v1.2.2
    Checking socket2 v0.6.5
    Checking getrandom v0.2.17
    Checking toml_parser v1.1.3+spec-1.1.0
    Checking hashbrown v0.16.1
    Checking signal-hook-registry v1.4.8
    Checking cpufeatures v0.2.17
    Checking ring v0.17.14
    Checking parking_lot v0.12.5
    Checking parking v2.2.1
    Checking indexmap v2.14.0
    Checking tracing v0.1.44
    Checking crc v3.4.0
    Checking webpki-roots v1.0.9
    Checking event-listener v5.4.2
    Checking crossbeam-queue v0.3.13
    Checking tinystr v0.8.4
    Checking potential_utf v0.1.6
    Checking spin v0.9.9
    Checking futures-intrusive v0.5.0
    Checking base64 v0.22.1
    Checking generic-array v0.14.7
    Checking icu_locale_core v2.3.0
    Checking either v1.17.0
    Checking atoi v2.0.0
    Checking tokio v1.53.1
    Checking libsqlite3-sys v0.37.0
    Checking icu_collections v2.3.0
    Checking futures-channel v0.3.34
    Checking flume v0.12.0
    Checking utf8parse v0.2.2
    Checking is_terminal_polyfill v1.70.2
    Checking anstyle-parse v1.0.0
    Checking anstyle v1.0.14
    Checking colorchoice v1.0.5
    Checking hashlink v0.11.1
    Checking anstyle-query v1.1.5
    Checking aho-corasick v1.1.5
    Checking strsim v0.11.1
    Checking winnow v0.7.15
    Checking core-foundation-sys v0.8.7
    Checking clap_lex v1.1.0
   Compiling serde_json v1.0.151
    Checking toml_write v0.1.2
    Checking anstream v1.0.0
    Checking regex-syntax v0.8.11
    Checking same-file v1.0.6
    Checking crypto-common v0.1.7
    Checking block-buffer v0.10.4
    Checking iana-time-zone v0.1.65
   Compiling linkme v0.3.37
    Checking fsevent-sys v4.1.0
    Checking walkdir v2.5.0
    Checking filetime v0.2.29
    Checking digest v0.10.7
    Checking crossbeam-channel v0.5.16
    Checking ryu v1.0.23
    Checking unsafe-libyaml v0.2.11
    Checking clap_builder v4.5.61
    Checking bitflags v2.13.1
    Checking lazy_static v1.5.0
    Checking thiserror v1.0.69
    Checking sha2 v0.10.9
    Checking icu_provider v2.3.0
   Compiling clap-noun-verb-macros v26.9.1 (https://github.com/seanchatmangpt/clap-noun-verb.git?rev=a0f9f79b88e454742ec7c17c91ca31837cabc2c8#a0f9f79b)
    Checking chrono v0.4.45
    Checking anyhow v1.0.104
    Checking notify v6.1.1
    Checking chatman-ecosystem-gall v0.1.0 (/Users/sac/chatman-ecosystem/crates/gall)
    Checking icu_normalizer v2.3.0
    Checking icu_properties v2.3.0
    Checking rustls-webpki v0.103.14
    Checking serde v1.0.229
    Checking toml_datetime v1.1.1+spec-1.1.0
    Checking serde_spanned v1.1.1
    Checking toml v1.1.4+spec-1.1.0
    Checking rustls v0.23.43
   Compiling jmespath v0.3.0
    Checking serde_spanned v0.6.9
    Checking toml_datetime v0.6.11
    Checking serde_yaml v0.9.34+deprecated
    Checking toml_edit v0.22.27
    Checking idna_adapter v1.2.2
    Checking regex-automata v0.4.18
    Checking idna v1.1.0
    Checking ecosystem-core v26.8.23 (/Users/sac/chatman-ecosystem/crates/ecosystem-core)
    Checking clap v4.5.61
    Checking url v2.5.8
    Checking futures-executor v0.3.34
    Checking toml v0.8.23
    Checking regex v1.13.1
    Checking tokio-stream v0.1.19
    Checking hditc v26.8.23 (/Users/sac/chatman-ecosystem/crates/hditc)
    Checking clap-noun-verb v26.9.1 (https://github.com/seanchatmangpt/clap-noun-verb.git?rev=a0f9f79b88e454742ec7c17c91ca31837cabc2c8#a0f9f79b)
    Checking sqlx-core v0.9.0
    Checking sqlx-sqlite v0.9.0
    Checking clap-noun-verb-deploy v26.9.1 (https://github.com/seanchatmangpt/clap-noun-verb.git?rev=a0f9f79b88e454742ec7c17c91ca31837cabc2c8#a0f9f79b)
    Checking sqlx v0.9.0
    Checking ecosystem-runtime v26.8.23 (/Users/sac/chatman-ecosystem/crates/ecosystem-runtime)
    Checking ecosystem-cli v26.8.23 (/Users/sac/chatman-ecosystem/apps/ecosystem-cli)
    Finished `dev` profile [unoptimized + debuginfo] target(s) in 6.47s
CI_JOB_STEP_PASS step=5 name='Verify static boundaries'
CI_JOB_STEP step=6 name='Execute unit and integration fixtures' cwd=.
   Compiling ecosystem-core v26.8.23 (/Users/sac/chatman-ecosystem/crates/ecosystem-core)
   Compiling chatman-ecosystem-gall v0.1.0 (/Users/sac/chatman-ecosystem/crates/gall)
   Compiling ecosystem-runtime v26.8.23 (/Users/sac/chatman-ecosystem/crates/ecosystem-runtime)
   Compiling hditc v26.8.23 (/Users/sac/chatman-ecosystem/crates/hditc)
   Compiling ecosystem-cli v26.8.23 (/Users/sac/chatman-ecosystem/apps/ecosystem-cli)
    Finished `test` profile [unoptimized + debuginfo] target(s) in 4.22s
     Running unittests src/lib.rs (target/debug/deps/chatman_ecosystem-1ec432ddd5851e44)

running 5 tests
test tests::sha256_matches_known_vector ... ok
test tests::source_admission_refuses_wrong_authority_owner ... ok
test tests::broker_receipts_success_mutation_and_denial ... ok
test tests::gateway_proves_channels_identity_and_content_fences ... ok
test tests::wasm_proves_import_digest_and_fuel_fences ... ok

test result: ok. 5 passed; 0 failed; 0 ignored; 0 measured; 0 filtered out; finished in 0.00s

     Running unittests src/bin/gall.rs (target/debug/deps/gall-37901999672b664c)

running 0 tests

test result: ok. 0 passed; 0 failed; 0 ignored; 0 measured; 0 filtered out; finished in 0.00s

     Running tests/report_standing.rs (target/debug/deps/report_standing-b7818604d9b7ba8e)

running 8 tests
test crown_line_for_alive_report_keeps_shape ... ok
test empty_report_crown_line_is_unknown ... ok
test exit_code_fails_closed_for_non_alive_standing ... ok
test crown_line_reports_derived_standing ... ok
test empty_report_is_unknown ... ok
test all_alive_reports_alive ... ok
test blocked_checkpoint_is_not_reported_alive ... ok
test run_gall_report_is_alive_and_well_formed ... ok

test result: ok. 8 passed; 0 failed; 0 ignored; 0 measured; 0 filtered out; finished in 0.00s

     Running unittests src/main.rs (target/debug/deps/ecosystem-94f5d3a98a3b4410)

running 0 tests

test result: ok. 0 passed; 0 failed; 0 ignored; 0 measured; 0 filtered out; finished in 0.00s

     Running unittests src/bin/old-estate-revops.rs (target/debug/deps/old_estate_revops-c986e7d8752021c4)

running 14 tests
test tests::all_active_strategies_have_positive_scores ... ok
test tests::dependency_only_repositories_never_construct ... ok
test tests::communication_refuses_without_exact_authority ... ok
test tests::communication_authority_stops_at_brce ... ok
test tests::exact_authority_is_not_hierarchical ... ok
test tests::exact_subject_receipt_rejects_non_sha ... ok
test tests::manifest_has_expected_repository_count ... ok
test tests::nano_stack_is_negative_evidence ... ok
test tests::manifest_invariants_are_closed ... ok
test tests::ostar_cannot_actuate_external_outcomes ... ok
test tests::refused_false_friends_never_construct ... ok
test tests::repository_lookup_accepts_full_name ... ok
test tests::exact_subject_receipt_is_signed_and_replayable ... ok
test tests::plan_is_deterministic ... ok

test result: ok. 14 passed; 0 failed; 0 ignored; 0 measured; 0 filtered out; finished in 0.00s

     Running tests/capabilities.rs (target/debug/deps/capabilities-41c1fb95624cf416)

running 3 tests
test capability_cli_refuses_unknown_identity ... ok
test capability_cli_lists_exact_catalog ... ok
test capability_cli_projects_all_protocol_surfaces_without_do ... ok

test result: ok. 3 passed; 0 failed; 0 ignored; 0 measured; 0 filtered out; finished in 0.74s

     Running tests/cli.rs (target/debug/deps/cli-2e51f43f6f86c2b2)

running 9 tests
test component_admission_commands_are_black_box_verified ... ok
test crown_requires_exact_admission_evidence ... ok
test help_and_version_are_process_contracts ... ok
test architecture_check_fails_closed_on_forbidden_dependency ... ok
test catalog_validate_fails_closed_on_missing_evidence ... ok
test malformed_command_fails_closed ... ok
test projection_check_fails_closed_on_drift ... ok
test receipt_verify_all_fails_closed_on_tampered_body ... ok
test receipt_verify_all_fails_closed_on_unsealed_receipt ... ok

test result: ok. 9 passed; 0 failed; 0 ignored; 0 measured; 0 filtered out; finished in 14.99s

     Running unittests src/lib.rs (target/debug/deps/ecosystem_core-227681219a847b6b)

running 7 tests
test tests::standing_and_authority_are_bounded ... ok
test tests::crown_rejects_non_exact_subjects ... ok
test tests::optional_rails_do_not_inherit_crown_requirement ... ok
test tests::identities_and_subjects_fail_closed ... ok
test tests::architecture_gate_proves_it_can_fail ... ok
test tests::receipt_tampering_is_detected ... ok
test tests::architecture_gate_rejects_every_manifest_spelling ... ok

test result: ok. 7 passed; 0 failed; 0 ignored; 0 measured; 0 filtered out; finished in 0.00s

     Running unittests src/lib.rs (target/debug/deps/ecosystem_runtime-0f5eaa035748a54f)

running 13 tests
test tests::non_destructive_mutation_still_requires_broker ... ok
test commerce::tests::fulfillment_without_entitlement_is_refused ... ok
test commerce::tests::aws_concurrent_agreement_identity_is_required ... ok
test agent_lightning_commercial_plane::tests::rate_card_rejects_unpriced_or_overflowing_usage ... ok
test agent_lightning_commercial_plane::tests::byoc_requires_customer_managed_key ... ok
test tests::handle_refuses_mutating_tool_with_broker_error ... ok
test tests::governor_is_authority_bounded_and_idempotent ... ok
test tests::mcp_and_connectors_fail_closed ... ok
test tests::replay_does_not_bypass_authority ... ok
test tests::stores_are_equivalent ... ok
test agent_lightning_service::tests::paid_service_is_receipted_and_fail_closed ... ok
test commerce::tests::all_provider_paths_and_negative_fixtures_replay ... ok
test agent_lightning_commercial_plane::tests::full_commercial_plane_replays ... ok

test result: ok. 13 passed; 0 failed; 0 ignored; 0 measured; 0 filtered out; finished in 0.02s

     Running unittests src/bin/agent-lightning-commercial.rs (target/debug/deps/agent_lightning_commercial-ab538bb1c0be8fac)

running 0 tests

test result: ok. 0 passed; 0 failed; 0 ignored; 0 measured; 0 filtered out; finished in 0.00s

     Running unittests src/bin/marketplace-commerce.rs (target/debug/deps/marketplace_commerce-62f312a7e9ddb404)

running 3 tests
test commerce::tests::fulfillment_without_entitlement_is_refused ... ok
test commerce::tests::aws_concurrent_agreement_identity_is_required ... ok
test commerce::tests::all_provider_paths_and_negative_fixtures_replay ... ok

test result: ok. 3 passed; 0 failed; 0 ignored; 0 measured; 0 filtered out; finished in 0.01s

     Running unittests src/bin/wasm4pm-paas.rs (target/debug/deps/wasm4pm_paas-27cef2d3db83f636)

running 3 tests
test tests::exact_session_exports_are_admitted ... ok
test tests::unknown_export_is_not_admitted ... ok
test tests::identity_requires_all_exports_and_nonempty_wasm ... ok

test result: ok. 3 passed; 0 failed; 0 ignored; 0 measured; 0 filtered out; finished in 0.00s

     Running tests/agent_lightning_commercial_integration.rs (target/debug/deps/agent_lightning_commercial_integration-5ff52b14626f8e28)

running 1 test
test replay_survives_saturated_budget_and_revocation_fails_closed ... ok

test result: ok. 1 passed; 0 failed; 0 ignored; 0 measured; 0 filtered out; finished in 0.00s

     Running unittests src/lib.rs (target/debug/deps/hditc-de3ddfd71c9ad5b7)

running 8 tests
test tests::dfcm_preserves_lawful_frontier_and_fences_irreversible_edges ... ok
test tests::critical_unknown_refuses_admission ... ok
test tests::exact_authority_and_subject_are_not_inferred ... ok
test tests::reservation_failure_means_zero_actuation ... ok
test tests::actuator_acknowledgement_is_not_done ... ok
test tests::zero_unreceipted_actuation_is_executed_not_documented ... ok
test tests::ambiguous_actuation_is_not_retried_or_promoted ... ok
test tests::replay_is_pure_verification_of_the_exact_observed_world ... ok

test result: ok. 8 passed; 0 failed; 0 ignored; 0 measured; 0 filtered out; finished in 0.00s

CI_JOB_STEP_PASS step=6 name='Execute unit and integration fixtures'
CI_JOB_STEP step=7 name='Execute GALL crown' cwd=.
{"standing":"ALIVE","root_receipt":"19915e647df33f18e8e3c981e4f6b93df895db35b6a72232612e7be24ac82ac1","checkpoints":[{"id":"GALL-S0","phase":0,"name":"source-admission","standing":"ALIVE","receipt_hash":"2cf7e54a4948add7ebf7e317a87ed16b9a40160e1fbbd92edf376d93345b4312","evidence":"positive=9 exact pins;authority=chatman-ecosystem;negative=duplicate+multiple-authority refused;graph=bfc9aa17e5056bf5700cc69294d67ccd6b20c87944e58f231c8196430d3de8a4"},{"id":"GALL-S1","phase":1,"name":"receipt-bearing-brce","standing":"ALIVE","receipt_hash":"7d886ab71642a4ba379aa9370933cedc120136cd6718497abf7faed8cf272803","evidence":"positive=echo actuated+replayed;negative=mutated-action+undeclared-capability refused;do-paths=1"},{"id":"GALL-S2","phase":2,"name":"gateway-sessions-channels","standing":"ALIVE","receipt_hash":"64cc6a68fdbbb5f6053768700c6da934b1fa7667f2a2b07ea3f988ed31f21e3a","evidence":"positive=cli+webchat+telegram+discord same gateway;negative=unknown+revoked subjects refused;prompt-content=no authority"},{"id":"GALL-S3","phase":3,"name":"wasm-skills-capabilities","standing":"ALIVE","receipt_hash":"e307f8e6654454255e06b699050517f8909e365e6adc3b5451871dec8b520c4d","evidence":"positive=real-wasm fabric.actuate through BRCE+replay;negative=undeclared-import+digest+fuel refused;module=82ec3743f1eb93a6995215ee683b9371d41877befef04a2347e5d8c53111cfac"}]}
CI_JOB_STEP_PASS step=7 name='Execute GALL crown'
CI_JOB_SKIP_USES step=8 uses=actions/upload-artifact@ea165f8d65b6e75b540449e92b4886f43607fa02
CI_JOB_BYPRODUCT_REMOVED gall-receipt.json
CI_JOB_PASS .github/workflows/gall-crown.yml#gall head=ec2965b6ef22889a0258778368c36433023a3d6e
COURT_GATE_PASS order=7 name=ci.gall-crown
COURT_GATE_RUN order=8 name=ci.release-control-plane
CI_JOB_HOST_SHIM the host's python3 resolves `tests` to /opt/homebrew/lib/python3.14/site-packages/tests/__init__.py, which shadows the repository's tests/ namespace directory (`python3 -m unittest tests.<module>` cannot import it); PYTHONPATH leads with a scratch tests package whose __path__ is /Users/sac/chatman-ecosystem/tests
CI_JOB .github/workflows/release-control-plane.yml#manifest name='manifest' head=ec2965b6ef22889a0258778368c36433023a3d6e steps=10
CI_JOB_SKIP_USES step=1 uses=actions/checkout@fbc6f3992d24b796d5a048ff273f7fcc4a7b6c09
CI_JOB_STEP step=2 name='Admit, receipt, and replay exact release subject' cwd=.
{"actual_sha": "ec2965b6ef22889a0258778368c36433023a3d6e", "claim": "EXACT_RELEASE_CI_SUBJECT", "event_name": "pull_request", "expected_sha": "ec2965b6ef22889a0258778368c36433023a3d6e", "schema": "chatman.release-ci-subject/1", "sha256": "678bef0e7139db6c6fe7097317975039dbdb2b043de798ba1fbc4c3c738ec4ed", "standing": "VERIFIED", "subject_source": "pull_request.head.sha"}
{"actual_sha": "ec2965b6ef22889a0258778368c36433023a3d6e", "claim": "EXACT_RELEASE_CI_SUBJECT", "event_name": "pull_request", "expected_sha": "ec2965b6ef22889a0258778368c36433023a3d6e", "schema": "chatman.release-ci-subject/1", "sha256": "678bef0e7139db6c6fe7097317975039dbdb2b043de798ba1fbc4c3c738ec4ed", "standing": "VERIFIED", "subject_source": "pull_request.head.sha"}
CI_JOB_STEP_PASS step=2 name='Admit, receipt, and replay exact release subject'
CI_JOB_STEP step=3 name='Exact-subject refusal and dependency invariant court' cwd=.
test_exact_subject_manufactures_replayable_receipt (tests.test_release_ci_subject.ReleaseCiSubjectTest.test_exact_subject_manufactures_replayable_receipt) ... ok
test_malformed_sha_is_refused (tests.test_release_ci_subject.ReleaseCiSubjectTest.test_malformed_sha_is_refused) ... ok
test_receipt_is_deterministic (tests.test_release_ci_subject.ReleaseCiSubjectTest.test_receipt_is_deterministic) ... ok
test_synthetic_or_stale_subject_is_refused (tests.test_release_ci_subject.ReleaseCiSubjectTest.test_synthetic_or_stale_subject_is_refused) ... ok
test_tampered_receipt_is_refused (tests.test_release_ci_subject.ReleaseCiSubjectTest.test_tampered_receipt_is_refused) ... ok
test_unverified_receipt_is_refused_even_with_recomputed_shape (tests.test_release_ci_subject.ReleaseCiSubjectTest.test_unverified_receipt_is_refused_even_with_recomputed_shape) ... ok
test_clap_noun_verb_deploy_is_exact_git_subject_not_sibling_path (tests.test_ecosystem_cli_dependency.EcosystemCliDependencyTest.test_clap_noun_verb_deploy_is_exact_git_subject_not_sibling_path) ... ok
test_required_deployment_surfaces_remain_admitted (tests.test_ecosystem_cli_dependency.EcosystemCliDependencyTest.test_required_deployment_surfaces_remain_admitted) ... ok

----------------------------------------------------------------------
Ran 8 tests in 0.001s

OK
CI_JOB_STEP_PASS step=3 name='Exact-subject refusal and dependency invariant court'
CI_JOB_STEP step=4 name='Verify hermetic Rust dependency graph' cwd=.
CI_JOB_STEP_PASS step=4 name='Verify hermetic Rust dependency graph'
CI_JOB_STEP step=5 name='Verify manifest and admitted ref evidence' cwd=.
{
  "component_count": 16,
  "findings": [],
  "manifest_sha256": "30b1d83ce544299557da50084ced696172d219f6790c2cfc5b78116902850949",
  "ref_coverage": {
    "external_exact": 3,
    "github_advanced": 13,
    "github_exact": 0,
    "github_live": 13
  },
  "refs_checked": true,
  "release": "26.9.1",
  "required_component_count": 16,
  "standing": "BUILD_BROKEN"
}
CI_JOB_STEP_PASS step=5 name='Verify manifest and admitted ref evidence'
CI_JOB_STEP step=6 name='Refuse unearned standing promotion' cwd=.
{"alive_components":3,"blocked_components":2,"build_broken_components":2,"claim_ceiling":"EXACT_SUBJECT_STANDING_EVIDENCE_ONLY_NO_TRANSITIVE_AUTHORITY","components_checked":16,"do_authority":false,"schema":"chatman-ecosystem.standing-evidence/1"}
CI_JOB_STEP_PASS step=6 name='Refuse unearned standing promotion'
CI_JOB_STEP step=7 name='Verify typed portfolio ledger and replay receipt' cwd=.
test_blocked_report_cannot_replay_as_alive (tests.test_verify_portfolio.VerifyPortfolioTests.test_blocked_report_cannot_replay_as_alive) ... ok
test_candidate_for_unadmitted_component_is_flagged (tests.test_verify_portfolio.VerifyPortfolioTests.test_candidate_for_unadmitted_component_is_flagged) ... ok
test_candidate_release_standing_overclaim_is_flagged (tests.test_verify_portfolio.VerifyPortfolioTests.test_candidate_release_standing_overclaim_is_flagged) ... ok
test_candidate_sha_equal_to_admitted_sha_is_flagged_not_distinct (tests.test_verify_portfolio.VerifyPortfolioTests.test_candidate_sha_equal_to_admitted_sha_is_flagged_not_distinct) ... ok
test_classify_composition_root_is_crown (tests.test_verify_portfolio.VerifyPortfolioTests.test_classify_composition_root_is_crown) ... ok
test_classify_required_repository (tests.test_verify_portfolio.VerifyPortfolioTests.test_classify_required_repository) ... ok
test_classify_unknown_repository_falls_back_to_default (tests.test_verify_portfolio.VerifyPortfolioTests.test_classify_unknown_repository_falls_back_to_default) ... ok
test_current_release_state_is_clean (tests.test_verify_portfolio.VerifyPortfolioTests.test_current_release_state_is_clean) ... ok
test_default_disposition_not_fail_safe_is_flagged (tests.test_verify_portfolio.VerifyPortfolioTests.test_default_disposition_not_fail_safe_is_flagged) ... ok
test_duplicate_candidate_component_is_flagged (tests.test_verify_portfolio.VerifyPortfolioTests.test_duplicate_candidate_component_is_flagged) ... ok
test_explicit_kind_must_match_structural_shape (tests.test_verify_portfolio.VerifyPortfolioTests.test_explicit_kind_must_match_structural_shape) ... ok
test_invalid_explicit_kind_is_refused (tests.test_verify_portfolio.VerifyPortfolioTests.test_invalid_explicit_kind_is_refused) ... ok
test_legacy_rows_are_typed_by_candidate_sha_presence (tests.test_verify_portfolio.VerifyPortfolioTests.test_legacy_rows_are_typed_by_candidate_sha_presence) ... ok
test_observation_cannot_smuggle_ci_authority (tests.test_verify_portfolio.VerifyPortfolioTests.test_observation_cannot_smuggle_ci_authority) ... ok
test_observation_drift_does_not_require_candidate_ci (tests.test_verify_portfolio.VerifyPortfolioTests.test_observation_drift_does_not_require_candidate_ci) ... ok
test_pagination_evidence_flags_count_below_page_floor (tests.test_verify_portfolio.VerifyPortfolioTests.test_pagination_evidence_flags_count_below_page_floor) ... ok
test_pagination_evidence_flags_invalid_types (tests.test_verify_portfolio.VerifyPortfolioTests.test_pagination_evidence_flags_invalid_types) ... ok
test_pagination_evidence_flags_missing_terminator (tests.test_verify_portfolio.VerifyPortfolioTests.test_pagination_evidence_flags_missing_terminator) ... ok
test_pagination_evidence_valid_when_count_in_range (tests.test_verify_portfolio.VerifyPortfolioTests.test_pagination_evidence_valid_when_count_in_range) ... ok
test_receipt_is_deterministic_and_replayable (tests.test_verify_portfolio.VerifyPortfolioTests.test_receipt_is_deterministic_and_replayable) ... ok
test_receipt_tamper_is_refused (tests.test_verify_portfolio.VerifyPortfolioTests.test_receipt_tamper_is_refused) ... ok
test_report_counts_candidates_separately_from_observations (tests.test_verify_portfolio.VerifyPortfolioTests.test_report_counts_candidates_separately_from_observations) ... ok
test_repository_in_two_dispositions_is_flagged (tests.test_verify_portfolio.VerifyPortfolioTests.test_repository_in_two_dispositions_is_flagged) ... ok
test_repository_outside_owner_namespace_is_flagged (tests.test_verify_portfolio.VerifyPortfolioTests.test_repository_outside_owner_namespace_is_flagged) ... ok

----------------------------------------------------------------------
Ran 24 tests in 0.062s

OK
{
  "candidate_count": 2,
  "default_disposition": "OUT_OF_RELEASE",
  "explicit_non_default_repositories": 73,
  "findings": [],
  "input_digests": {
    "fleet": "3190d71186e6322d53ae0f09710a5ee91a34f2a87b5b6407c3bc4234f2019024",
    "ledger": "ca39c9c653c70efcdf021d510d83c87bfb75515a5d2dba07b595f602c6ea058b",
    "manifest": "553e666403b523b7080c9fecbe961357450786c918b74baf99d12c2297e17f8e"
  },
  "observation_count": 13,
  "observed_owned_repository_count": 355,
  "release": "26.9.1",
  "schema": "chatman.portfolio-verification/3",
  "sha256": "7ccc7e2f518eb858b25d3410283460ef98cbd47eacf23e4237710daf27f801ef",
  "standing": "ALIVE"
}
{"candidate_count": 2, "default_disposition": "OUT_OF_RELEASE", "explicit_non_default_repositories": 73, "findings": [], "input_digests": {"fleet": "3190d71186e6322d53ae0f09710a5ee91a34f2a87b5b6407c3bc4234f2019024", "ledger": "ca39c9c653c70efcdf021d510d83c87bfb75515a5d2dba07b595f602c6ea058b", "manifest": "553e666403b523b7080c9fecbe961357450786c918b74baf99d12c2297e17f8e"}, "observation_count": 13, "observed_owned_repository_count": 355, "release": "26.9.1", "schema": "chatman.portfolio-verification/3", "sha256": "7ccc7e2f518eb858b25d3410283460ef98cbd47eacf23e4237710daf27f801ef", "standing": "ALIVE"}
CI_JOB_STEP_PASS step=7 name='Verify typed portfolio ledger and replay receipt'
CI_JOB_STEP step=8 name='Verify platform reconstitution benchmark contract' cwd=.
PLATFORM_RECONSTITUTION=UNKNOWN
BENCHMARK=platform-reconstitution-v1@1.0.0
MARKETPLACE_SUBJECT=seanchatmangpt/ggen-marketplace@14f122414e72291a69975523601305fc346b118d
ONTOLOGY_SOURCES=2/2
TOOLCHAIN_ROLES=9/9
PROJECTIONS=15/15
SUBSTRATES=7/7
CI_JOB_STEP_PASS step=8 name='Verify platform reconstitution benchmark contract'
CI_JOB_STEP step=9 name='Mutation and invariant tests' cwd=.
test_all_mandatory_modules_alive_graduates (test_agi_academy.AgiAcademyTest.test_all_mandatory_modules_alive_graduates) ... ok
test_canonical_manifest_is_valid (test_agi_academy.AgiAcademyTest.test_canonical_manifest_is_valid) ... ok
test_dependency_cycle_invalidates_manifest (test_agi_academy.AgiAcademyTest.test_dependency_cycle_invalidates_manifest) ... ok
test_missing_module_evidence_is_partial_alive (test_agi_academy.AgiAcademyTest.test_missing_module_evidence_is_partial_alive) ... ok
test_terminal_authority_violation_refuses (test_agi_academy.AgiAcademyTest.test_terminal_authority_violation_refuses) ... ok
test_unknown_dependency_invalidates_manifest (test_agi_academy.AgiAcademyTest.test_unknown_dependency_invalidates_manifest) ... ok
test_clean_tree_produces_no_findings (test_audit_stubs_wip.AuditStubsWipTests.test_clean_tree_produces_no_findings) ... ok
test_excludes_self_and_audits_dir (test_audit_stubs_wip.AuditStubsWipTests.test_excludes_self_and_audits_dir) ... ok
test_finds_mock_pattern_only_under_tests_dir (test_audit_stubs_wip.AuditStubsWipTests.test_finds_mock_pattern_only_under_tests_dir) ... ok
test_finds_rust_stub_macros (test_audit_stubs_wip.AuditStubsWipTests.test_finds_rust_stub_macros) ... ok
test_finds_todo_marker_in_source_file (test_audit_stubs_wip.AuditStubsWipTests.test_finds_todo_marker_in_source_file) ... ok
test_ignores_non_source_suffixes (test_audit_stubs_wip.AuditStubsWipTests.test_ignores_non_source_suffixes) ... ok
test_render_reports_alive_status_when_clean (test_audit_stubs_wip.AuditStubsWipTests.test_render_reports_alive_status_when_clean) ... ok
test_render_reports_partial_alive_and_lists_findings (test_audit_stubs_wip.AuditStubsWipTests.test_render_reports_partial_alive_and_lists_findings) ... ok
test_authority_must_deny_do (test_bfcc.BfccManifestTest.test_authority_must_deny_do) ... ok
test_canonical_catalog_is_valid (test_bfcc.BfccManifestTest.test_canonical_catalog_is_valid) ... ok
test_fuller_laundering_refused_when_projection_restates_principle (test_bfcc.BfccManifestTest.test_fuller_laundering_refused_when_projection_restates_principle) ... ok
test_missing_gate_falsifier_is_refused (test_bfcc.BfccManifestTest.test_missing_gate_falsifier_is_refused) ... ok
test_receipt_required_fields_must_be_non_empty (test_bfcc.BfccManifestTest.test_receipt_required_fields_must_be_non_empty) ... ok
test_averaged_failed_gate_refused_when_standing_claims_alive (test_bfcc.BfccReceiptTest.test_averaged_failed_gate_refused_when_standing_claims_alive) ... ok
test_complete_receipt_reaches_bfcc_alive (test_bfcc.BfccReceiptTest.test_complete_receipt_reaches_bfcc_alive) ... ok
test_incomplete_receipt_is_bfcc_partial (test_bfcc.BfccReceiptTest.test_incomplete_receipt_is_bfcc_partial) ... ok
test_missing_inventory_refused (test_bfcc.BfccReceiptTest.test_missing_inventory_refused) ... ok
test_standing_transferred_refused_on_subject_mismatch (test_bfcc.BfccReceiptTest.test_standing_transferred_refused_on_subject_mismatch) ... ok
test_unfalsified_synergy_claim_refused_when_sigma_evidence_empty (test_bfcc.BfccReceiptTest.test_unfalsified_synergy_claim_refused_when_sigma_evidence_empty) ... ok
test_slope_negative_hand_computed (test_bfcc_benchmark.DegradingDirectionTest.test_slope_negative_hand_computed) ... ok
test_slope_zero_hand_computed (test_bfcc_benchmark.FlatDirectionTest.test_slope_zero_hand_computed) ... ok
test_slope_positive_hand_computed (test_bfcc_benchmark.ImprovingDirectionTest.test_slope_positive_hand_computed) ... ok
test_single_receipt_is_insufficient (test_bfcc_benchmark.InsufficientDataDirectionTest.test_single_receipt_is_insufficient) ... ok
test_zero_receipts_for_class_never_appear (test_bfcc_benchmark.InsufficientDataDirectionTest.test_zero_receipts_for_class_never_appear) ... ok
test_lambda_insufficient_when_canonical_information_delta_absent (test_bfcc_benchmark.LambdaTrimtabLeverageTest.test_lambda_insufficient_when_canonical_information_delta_absent) ... ok
test_lambda_uses_canonical_information_delta_when_present (test_bfcc_benchmark.LambdaTrimtabLeverageTest.test_lambda_uses_canonical_information_delta_when_present) ... ok
test_known_three_point_series (test_bfcc_benchmark.LeastSquaresSlopeArithmeticTest.test_known_three_point_series) ... ok
test_noisy_series_hand_computed (test_bfcc_benchmark.LeastSquaresSlopeArithmeticTest.test_noisy_series_hand_computed) ... ok
test_dev_null_via_main_does_not_crash (test_bfcc_benchmark.MissingOrEmptyLedgerTest.test_dev_null_via_main_does_not_crash) ... ok
test_empty_ledger_file_reports_insufficient_data_cleanly (test_bfcc_benchmark.MissingOrEmptyLedgerTest.test_empty_ledger_file_reports_insufficient_data_cleanly) ... ok
test_missing_ledger_file_reports_insufficient_data_cleanly (test_bfcc_benchmark.MissingOrEmptyLedgerTest.test_missing_ledger_file_reports_insufficient_data_cleanly) ... ok
test_nonexistent_path_via_main_does_not_crash (test_bfcc_benchmark.MissingOrEmptyLedgerTest.test_nonexistent_path_via_main_does_not_crash) ... ok
test_catalogs_and_projections_are_exact (test_capabilities.CapabilityCatalogTests.test_catalogs_and_projections_are_exact) ... ok
test_dependency_graph_refuses_missing_and_cycle (test_capabilities.CapabilityCatalogTests.test_dependency_graph_refuses_missing_and_cycle) ... ok
test_do_requires_broker_and_receipt (test_capabilities.CapabilityCatalogTests.test_do_requires_broker_and_receipt) ... ok
test_repository_owner_must_be_declared (test_capabilities.CapabilityCatalogTests.test_repository_owner_must_be_declared) ... ok
test_surface_semantics_are_closed_across_cli_api_mcp_a2a (test_capabilities.CapabilityCatalogTests.test_surface_semantics_are_closed_across_cli_api_mcp_a2a) ... ok
test_all_four_surfaces_preserve_same_capability_semantics (test_capability_control.CapabilityControlTests.test_all_four_surfaces_preserve_same_capability_semantics) ... ok
test_dfcm_do_requires_dependency_closure_and_exact_authority (test_capability_control.CapabilityControlTests.test_dfcm_do_requires_dependency_closure_and_exact_authority) ... ok
test_dfcm_preserves_reversible_roots_without_selecting (test_capability_control.CapabilityControlTests.test_dfcm_preserves_reversible_roots_without_selecting) ... ok
test_unknown_capability_and_surface_refuse (test_capability_control.CapabilityControlTests.test_unknown_capability_and_surface_refuse) ... ok
test_public_custom_boundary_is_admitted (test_capability_ontology.CapabilityOntologyTests.test_public_custom_boundary_is_admitted) ... ok
test_public_prefix_drift_refuses (test_capability_ontology.CapabilityOntologyTests.test_public_prefix_drift_refuses) ... ok
test_public_redefinition_refuses (test_capability_ontology.CapabilityOntologyTests.test_public_redefinition_refuses) ... ok
test_surface_or_identity_law_drift_refuses (test_capability_ontology.CapabilityOntologyTests.test_surface_or_identity_law_drift_refuses) ... ok
test_noncanonical_identity_refuses_rdf_term (test_capability_rdf.CapabilityRdfTests.test_noncanonical_identity_refuses_rdf_term) ... ok
test_render_is_deterministic_and_complete (test_capability_rdf.CapabilityRdfTests.test_render_is_deterministic_and_complete) ... ok
test_committed_design_is_resolution_iv (test_ce23_12_courts.DoeCase.test_committed_design_is_resolution_iv) ... ok
test_os_factor_never_in_a_run (test_ce23_12_courts.DoeCase.test_os_factor_never_in_a_run) ... ok
test_toolchain_generated_by_cold_and_concurrency_drops_to_resolution_iii (test_ce23_12_courts.DoeCase.test_toolchain_generated_by_cold_and_concurrency_drops_to_resolution_iii) ... ok
test_handwritten_order_refused_by_the_court (test_ce23_12_courts.EndToEndCase.test_handwritten_order_refused_by_the_court) ... ok
test_committed_design_admitted (test_ce23_12_courts.InstrumentCase.test_committed_design_admitted) ... ok
test_every_removal_pattern_matches (test_ce23_12_courts.InstrumentCase.test_every_removal_pattern_matches) ... ok
test_lawful_discovery_tuple_admitted (test_ce23_12_courts.InstrumentCase.test_lawful_discovery_tuple_admitted) ... ok
test_native_split_law_sees_a_patch_id_leak (test_ce23_12_courts.InstrumentCase.test_native_split_law_sees_a_patch_id_leak) ... ok
test_os_column_refused_under_factor (test_ce23_12_courts.InstrumentCase.test_os_column_refused_under_factor) ... ok
test_overclaim_refused_under_standing (test_ce23_12_courts.InstrumentCase.test_overclaim_refused_under_standing) ... ok
test_bounds_agree_with_scipy_beta_quantile (test_ce23_12_courts.KernelCase.test_bounds_agree_with_scipy_beta_quantile) ... ok
test_committed_tables_equal_a_fresh_computation (test_ce23_12_courts.KernelCase.test_committed_tables_equal_a_fresh_computation) ... ok
test_yield_sizes_follow_the_closed_form (test_ce23_12_courts.KernelCase.test_yield_sizes_follow_the_closed_form) ... ok
test_zero_defect_bounds_match_the_operator_table (test_ce23_12_courts.KernelCase.test_zero_defect_bounds_match_the_operator_table) ... ok
test_engines_of_one_text_are_never_independent (test_ce23_12_courts.LawEncodingCase.test_engines_of_one_text_are_never_independent) ... ok
test_five_instruments_are_three_law_encodings (test_ce23_12_courts.LawEncodingCase.test_five_instruments_are_three_law_encodings) ... ok
test_a_blind_k1_in_the_subject_is_counted_as_escapes (test_ce23_12_courts.MutationSensitivityCase.test_a_blind_k1_in_the_subject_is_counted_as_escapes) ... ok
test_blinded_instruments_as_judges_let_every_unit_escape (test_ce23_12_courts.MutationSensitivityCase.test_blinded_instruments_as_judges_let_every_unit_escape) ... ok
test_control_tree_admitted_by_every_real_instrument (test_ce23_12_courts.MutationSensitivityCase.test_control_tree_admitted_by_every_real_instrument) ... ok
test_each_unit_refused_by_its_instrument_and_admitted_by_the_blinded_one (test_ce23_12_courts.MutationSensitivityCase.test_each_unit_refused_by_its_instrument_and_admitted_by_the_blinded_one) ... ok
test_units_are_distinct_corrupted_subjects (test_ce23_12_courts.MutationSensitivityCase.test_units_are_distinct_corrupted_subjects) ... ok
test_exact_head_receipt_admitted (test_ce23_12_courts.ReceiptAdmissionCase.test_exact_head_receipt_admitted) ... ok
test_kappa_undefined_without_both_classes (test_ce23_12_courts.ReceiptAdmissionCase.test_kappa_undefined_without_both_classes) ... ok
test_operational_claim_refused (test_ce23_12_courts.ReceiptAdmissionCase.test_operational_claim_refused) ... ok
test_stale_subject_refused (test_ce23_12_courts.ReceiptAdmissionCase.test_stale_subject_refused) ... ok
test_varied_os_refused (test_ce23_12_courts.ReceiptAdmissionCase.test_varied_os_refused) ... ok
test_committed_pins_other_than_the_judging_court_are_refused (test_ce23_1_court.ClauseCase.test_committed_pins_other_than_the_judging_court_are_refused) ... ok
test_config_key_outside_the_judged_schema_is_refused (test_ce23_1_court.ClauseCase.test_config_key_outside_the_judged_schema_is_refused) ... ok
test_contained_closed_world_subject_under_its_committed_court_is_admitted (test_ce23_1_court.ClauseCase.test_contained_closed_world_subject_under_its_committed_court_is_admitted) ... ok
test_import_as_absolute_symlink_to_identical_bytes_is_refused (test_ce23_1_court.ClauseCase.test_import_as_absolute_symlink_to_identical_bytes_is_refused) ... ok
test_read_path_not_committed_in_the_subject_is_refused (test_ce23_1_court.ClauseCase.test_read_path_not_committed_in_the_subject_is_refused) ... ok
test_committed_render_binds_the_classification_to_the_xaas_component (test_ce23_1_court.RenderCase.test_committed_render_binds_the_classification_to_the_xaas_component) ... ok
test_no_subject_is_refused_while_predecessor_holds (test_ce23_1_court.SubjectCase.test_no_subject_is_refused_while_predecessor_holds) ... ok
test_orphan_base_is_refused (test_ce23_1_court.SubjectCase.test_orphan_base_is_refused) ... ok
test_predecessor_change_is_refused (test_ce23_1_court.SubjectCase.test_predecessor_change_is_refused) ... ok
test_uncommitted_predecessor_edit_is_refused (test_ce23_1_court.SubjectCase.test_uncommitted_predecessor_edit_is_refused) ... ok
test_decision_in_the_graph_alone_is_refused (test_ce23_2_court.DecisionCase.test_decision_in_the_graph_alone_is_refused) ... ok
test_no_decision_is_admitted_and_none_exists (test_ce23_2_court.DecisionCase.test_no_decision_is_admitted_and_none_exists) ... ok
test_observation_reproduces_the_committed_import (test_ce23_2_court.ObserverCase.test_observation_reproduces_the_committed_import) ... ok
test_committed_manifest_is_a_function_of_16_roles (test_ce23_2_court.PredecessorCase.test_committed_manifest_is_a_function_of_16_roles) ... ok
test_duplicated_required_role_is_ambiguous (test_ce23_2_court.PredecessorCase.test_duplicated_required_role_is_ambiguous) ... ok
test_role_with_two_components_is_ambiguous (test_ce23_2_court.PredecessorCase.test_role_with_two_components_is_ambiguous) ... ok
test_basename_collision_is_ambiguous (test_ce23_2_court.RuleCase.test_basename_collision_is_ambiguous) ... ok
test_committed_inputs_derive_every_row (test_ce23_2_court.RuleCase.test_committed_inputs_derive_every_row) ... ok
test_court_executed_unclassified_role_is_undecidable (test_ce23_2_court.RuleCase.test_court_executed_unclassified_role_is_undecidable) ... ok
test_altered_legacy_sha_is_refused (test_ce23_2_court.TotalityCase.test_altered_legacy_sha_is_refused) ... ok
test_committed_render_is_total (test_ce23_2_court.TotalityCase.test_committed_render_is_total) ... ok
test_double_provenance_is_refused (test_ce23_2_court.TotalityCase.test_double_provenance_is_refused) ... ok
test_duplicated_row_is_refused (test_ce23_2_court.TotalityCase.test_duplicated_row_is_refused) ... ok
test_empty_reason_is_refused (test_ce23_2_court.TotalityCase.test_empty_reason_is_refused) ... ok
test_foreign_row_is_refused (test_ce23_2_court.TotalityCase.test_foreign_row_is_refused) ... ok
test_untyped_boundary_is_refused (test_ce23_2_court.TotalityCase.test_untyped_boundary_is_refused) ... ok
test_a_git_object_store_open_is_blind (test_ce23_7_probe.ProbeBlindTests.test_a_git_object_store_open_is_blind) ... ok
test_an_off_host_socket_is_blind (test_ce23_7_probe.ProbeBlindTests.test_an_off_host_socket_is_blind) ... ok
test_an_unrelated_child_process_is_blind (test_ce23_7_probe.ProbeBlindTests.test_an_unrelated_child_process_is_blind) ... ok
test_judge_reads_refuses_a_read_before_it_reports_a_blind_spot (test_ce23_7_probe.ProbeBlindTests.test_judge_reads_refuses_a_read_before_it_reports_a_blind_spot) ... REFUSED[SILENT_V26_9_1_READ] T: tool targeting v26.9.23 opened /Users/sac/.cache/tmp/tmpo663a6hj/release/v26.9.1/manifest.toml
ok
test_native_code_is_blind (test_ce23_7_probe.ProbeBlindTests.test_native_code_is_blind) ... ok
test_a_byte_copy_of_a_predecessor_file_is_a_read_outside_the_target_line (test_ce23_7_probe.ProbeReadTests.test_a_byte_copy_of_a_predecessor_file_is_a_read_outside_the_target_line) ... ok
test_a_child_process_naming_the_predecessor_is_a_read (test_ce23_7_probe.ProbeReadTests.test_a_child_process_naming_the_predecessor_is_a_read) ... ok
test_a_clean_target_read_is_neither_read_nor_blind (test_ce23_7_probe.ProbeReadTests.test_a_clean_target_read_is_neither_read_nor_blind) ... ok
test_a_directory_listing_of_the_predecessor_is_a_read (test_ce23_7_probe.ProbeReadTests.test_a_directory_listing_of_the_predecessor_is_a_read) ... ok
test_a_url_naming_the_predecessor_is_a_read (test_ce23_7_probe.ProbeReadTests.test_a_url_naming_the_predecessor_is_a_read) ... ok
test_an_open_under_the_predecessor_line_is_a_read_wherever_it_lives (test_ce23_7_probe.ProbeReadTests.test_an_open_under_the_predecessor_line_is_a_read_wherever_it_lives) ... ok
test_any_component_naming_the_predecessor_is_a_read (test_ce23_7_probe.ProbeReadTests.test_any_component_naming_the_predecessor_is_a_read) ... ok
test_failing_step_refuses (test_ce23_9_court.CiJobCase.test_failing_step_refuses) ... ok
test_github_rate_limit_is_an_infrastructure_edge_not_a_verdict (test_ce23_9_court.CiJobCase.test_github_rate_limit_is_an_infrastructure_edge_not_a_verdict) ... ok
test_invalid_workflow_yaml_is_a_typed_usage_error (test_ce23_9_court.CiJobCase.test_invalid_workflow_yaml_is_a_typed_usage_error) ... ok
test_job_if_false_in_pull_request_context (test_ce23_9_court.CiJobCase.test_job_if_false_in_pull_request_context) ... ok
test_runs_steps_at_head_with_context_and_env_file (test_ce23_9_court.CiJobCase.test_runs_steps_at_head_with_context_and_env_file) ... ok
test_secret_expression_is_unsupported_not_guessed (test_ce23_9_court.CiJobCase.test_secret_expression_is_unsupported_not_guessed) ... ok
test_skip_step_must_name_a_step_and_is_printed (test_ce23_9_court.CiJobCase.test_skip_step_must_name_a_step_and_is_printed) ... ok
test_tracked_mutation_refuses (test_ce23_9_court.CiJobCase.test_tracked_mutation_refuses) ... ok
test_judge_types_each_member_and_continues_after_the_stop (test_ce23_9_court.GeneratedCourtCase.test_judge_types_each_member_and_continues_after_the_stop) ... ok
test_disposition_law (test_ce23_9_court.LawCase.test_disposition_law) ... ok
test_exact_head_law_on_the_real_base_checkruns (test_ce23_9_court.LawCase.test_exact_head_law_on_the_real_base_checkruns) ... ok
test_receipt_projection_names_gates_and_orders (test_ce23_9_court.LawCase.test_receipt_projection_names_gates_and_orders) ... ok
test_untyped_failure_pending_and_missing (test_ce23_9_court.LawCase.test_untyped_failure_pending_and_missing) ... ok
test_300_file_window_is_uncertain_not_dropped (test_ce23_9_court.UniverseCase.test_300_file_window_is_uncertain_not_dropped) ... ok
test_glob_semantics (test_ce23_9_court.UniverseCase.test_glob_semantics) ... ok
test_trigger_semantics (test_ce23_9_court.UniverseCase.test_trigger_semantics) ... ok
test_claim_standing_cannot_be_upgraded_by_presentation (test_challenger_value_contract.ChallengerValueContractTest.test_claim_standing_cannot_be_upgraded_by_presentation) ... ok
test_dfcm_preserves_frontier_and_zero_irreversible_selection (test_challenger_value_contract.ChallengerValueContractTest.test_dfcm_preserves_frontier_and_zero_irreversible_selection) ... ok
test_exact_integration_subjects (test_challenger_value_contract.ChallengerValueContractTest.test_exact_integration_subjects) ... ok
test_message_arc_and_revenue_process_are_separate (test_challenger_value_contract.ChallengerValueContractTest.test_message_arc_and_revenue_process_are_separate) ... ok
test_no_commercial_actuation_authority (test_challenger_value_contract.ChallengerValueContractTest.test_no_commercial_actuation_authority) ... ok
test_receipt_and_replay_are_bound (test_challenger_value_contract.ChallengerValueContractTest.test_receipt_and_replay_are_bound) ... ok
test_refusal_surface_names_high_risk_sales_claims (test_challenger_value_contract.ChallengerValueContractTest.test_refusal_surface_names_high_risk_sales_claims) ... ok
test_strategy_doctrine_is_exact_subject_bound_and_present (test_challenger_value_contract.ChallengerValueContractTest.test_strategy_doctrine_is_exact_subject_bound_and_present) ... ok
test_affidavit_exact_subject_with_owning_receipt_is_held (test_completion_fanout.CompletionFanoutTests.test_affidavit_exact_subject_with_owning_receipt_is_held) ... ok
test_all_active_non_release_fleet_is_represented (test_completion_fanout.CompletionFanoutTests.test_all_active_non_release_fleet_is_represented) ... ok
test_all_release_components_are_fanned_out_once (test_completion_fanout.CompletionFanoutTests.test_all_release_components_are_fanned_out_once) ... ok
test_autofde_alive_subject_is_held_not_reworked (test_completion_fanout.CompletionFanoutTests.test_autofde_alive_subject_is_held_not_reworked) ... ok
test_every_packet_is_powerless (test_completion_fanout.CompletionFanoutTests.test_every_packet_is_powerless) ... ok
test_exact_failure_becomes_repair_work_without_losing_receipt (test_completion_fanout.CompletionFanoutTests.test_exact_failure_becomes_repair_work_without_losing_receipt) ... ok
test_fdegym_exposes_non_alive_dependency_frontier (test_completion_fanout.CompletionFanoutTests.test_fdegym_exposes_non_alive_dependency_frontier) ... ok
test_gdmcp_is_a_typed_bootstrap_gap_not_a_substitute (test_completion_fanout.CompletionFanoutTests.test_gdmcp_is_a_typed_bootstrap_gap_not_a_substitute) ... ok
test_marketplace_exact_subject_with_owning_receipt_is_held (test_completion_fanout.CompletionFanoutTests.test_marketplace_exact_subject_with_owning_receipt_is_held) ... ok
test_plan_is_deterministic (test_completion_fanout.CompletionFanoutTests.test_plan_is_deterministic) ... ok
test_plan_validates (test_completion_fanout.CompletionFanoutTests.test_plan_validates) ... ok
test_runtime_blockers_are_not_promoted (test_completion_fanout.CompletionFanoutTests.test_runtime_blockers_are_not_promoted) ... ok
test_main_prints_valid_plan_json_and_exits_zero (test_completion_fanout.MainCliTests.test_main_prints_valid_plan_json_and_exits_zero) ... ok
test_main_release_only_excludes_portfolio_packets (test_completion_fanout.MainCliTests.test_main_release_only_excludes_portfolio_packets) ... ok
test_detects_alive_without_receipt (test_completion_fanout.ValidatePlanFindingTests.test_detects_alive_without_receipt) ... ok
test_detects_ambient_do_authority (test_completion_fanout.ValidatePlanFindingTests.test_detects_ambient_do_authority) ... ok
test_detects_build_broken_subject_drift (test_completion_fanout.ValidatePlanFindingTests.test_detects_build_broken_subject_drift) ... ok
test_detects_build_broken_without_evidence (test_completion_fanout.ValidatePlanFindingTests.test_detects_build_broken_without_evidence) ... ok
test_detects_duplicate_packet (test_completion_fanout.ValidatePlanFindingTests.test_detects_duplicate_packet) ... ok
test_detects_invalid_sha (test_completion_fanout.ValidatePlanFindingTests.test_detects_invalid_sha) ... ok
test_behavioral_clone_cannot_inherit_standing (test_construct_runtime.ConstructRuntimeProfileTests.test_behavioral_clone_cannot_inherit_standing) ... ok
test_canonical_profile_is_admitted_as_candidate (test_construct_runtime.ConstructRuntimeProfileTests.test_canonical_profile_is_admitted_as_candidate) ... ok
test_foreign_corpus_standing_is_refused (test_construct_runtime.ConstructRuntimeProfileTests.test_foreign_corpus_standing_is_refused) ... ok
test_non_ocel_first_handshake_is_refused (test_construct_runtime.ConstructRuntimeProfileTests.test_non_ocel_first_handshake_is_refused) ... ok
test_runtime_source_semantics_are_refused (test_construct_runtime.ConstructRuntimeProfileTests.test_runtime_source_semantics_are_refused) ... ok
test_scalar_creation_key_replacing_process_geometry_is_refused (test_construct_runtime.ConstructRuntimeProfileTests.test_scalar_creation_key_replacing_process_geometry_is_refused) ... ok
test_selector_space_wider_than_one_byte_is_refused (test_construct_runtime.ConstructRuntimeProfileTests.test_selector_space_wider_than_one_byte_is_refused) ... ok
test_transporting_query_text_is_refused (test_construct_runtime.ConstructRuntimeProfileTests.test_transporting_query_text_is_refused) ... ok
test_build_break_dominates_unknown_in_the_same_way_as_release_graph (test_crown_edge_aggregate.CrownEdgeAggregateTests.test_build_break_dominates_unknown_in_the_same_way_as_release_graph) ... ok
test_root_standing_cannot_be_manually_promoted_above_unknown_edges (test_crown_edge_aggregate.CrownEdgeAggregateTests.test_root_standing_cannot_be_manually_promoted_above_unknown_edges) ... ok
test_alive_with_exact_execution_evidence_is_admitted_but_crown_remains_unresolved (test_crown_edges.CrownEdgeTests.test_alive_with_exact_execution_evidence_is_admitted_but_crown_remains_unresolved) ... ok
test_alive_without_evidence_is_refused (test_crown_edges.CrownEdgeTests.test_alive_without_evidence_is_refused) ... ok
test_all_edges_alive_requires_crown_standing_to_match (test_crown_edges.CrownEdgeTests.test_all_edges_alive_requires_crown_standing_to_match) ... ok
test_authority_topology_cannot_be_expanded (test_crown_edges.CrownEdgeTests.test_authority_topology_cannot_be_expanded) ... ok
test_bcre_is_not_brce_without_equivalence_proof (test_crown_edges.CrownEdgeTests.test_bcre_is_not_brce_without_equivalence_proof) ... ok
test_blocked_cannot_claim_execution (test_crown_edges.CrownEdgeTests.test_blocked_cannot_claim_execution) ... ok
test_blocked_requires_reason (test_crown_edges.CrownEdgeTests.test_blocked_requires_reason) ... ok
test_brce_remains_exclusive_do_path (test_crown_edges.CrownEdgeTests.test_brce_remains_exclusive_do_path) ... ok
test_build_broken_requires_observed_execution (test_crown_edges.CrownEdgeTests.test_build_broken_requires_observed_execution) ... ok
test_build_broken_requires_reason (test_crown_edges.CrownEdgeTests.test_build_broken_requires_reason) ... ok
test_claim_ceiling_cannot_expand (test_crown_edges.CrownEdgeTests.test_claim_ceiling_cannot_expand) ... ok
test_crown_alive_with_unresolved_edges_is_refused (test_crown_edges.CrownEdgeTests.test_crown_alive_with_unresolved_edges_is_refused) ... ok
test_duplicate_edge_is_refused (test_crown_edges.CrownEdgeTests.test_duplicate_edge_is_refused) ... ok
test_duplicate_receipt_within_edge_is_refused (test_crown_edges.CrownEdgeTests.test_duplicate_receipt_within_edge_is_refused) ... ok
test_edge_cannot_acquire_ambient_do_authority (test_crown_edges.CrownEdgeTests.test_edge_cannot_acquire_ambient_do_authority) ... ok
test_evidence_authority_escalation_is_refused (test_crown_edges.CrownEdgeTests.test_evidence_authority_escalation_is_refused) ... ok
test_evidence_semantic_smuggling_is_refused (test_crown_edges.CrownEdgeTests.test_evidence_semantic_smuggling_is_refused) ... ok
test_exact_mandatory_set_is_admitted_but_not_crowned (test_crown_edges.CrownEdgeTests.test_exact_mandatory_set_is_admitted_but_not_crowned) ... ok
test_executed_sha_is_mandatory (test_crown_edges.CrownEdgeTests.test_executed_sha_is_mandatory) ... ok
test_execution_identity_transfer_is_refused (test_crown_edges.CrownEdgeTests.test_execution_identity_transfer_is_refused) ... ok
test_live_azure_blocker_cannot_be_erased (test_crown_edges.CrownEdgeTests.test_live_azure_blocker_cannot_be_erased) ... ok
test_live_azure_cannot_be_promoted_into_crown (test_crown_edges.CrownEdgeTests.test_live_azure_cannot_be_promoted_into_crown) ... ok
test_missing_edge_is_refused (test_crown_edges.CrownEdgeTests.test_missing_edge_is_refused) ... ok
test_observation_requires_timezone (test_crown_edges.CrownEdgeTests.test_observation_requires_timezone) ... ok
test_partial_alive_requires_execution_evidence (test_crown_edges.CrownEdgeTests.test_partial_alive_requires_execution_evidence) ... ok
test_planner_does_not_acquire_ambient_authority (test_crown_edges.CrownEdgeTests.test_planner_does_not_acquire_ambient_authority) ... ok
test_receipt_is_mandatory_and_typed (test_crown_edges.CrownEdgeTests.test_receipt_is_mandatory_and_typed) ... ok
test_release_manifest_has_no_ambient_do_authority (test_crown_edges.CrownEdgeTests.test_release_manifest_has_no_ambient_do_authority) ... ok
test_replay_is_mandatory (test_crown_edges.CrownEdgeTests.test_replay_is_mandatory) ... ok
test_schema_mismatch_is_refused (test_crown_edges.CrownEdgeTests.test_schema_mismatch_is_refused) ... ok
test_synthetic_full_edge_closure_stays_below_release_readiness_claim_ceiling (test_crown_edges.CrownEdgeTests.test_synthetic_full_edge_closure_stays_below_release_readiness_claim_ceiling) ... ok
test_topology_digest_is_deterministic (test_crown_edges.CrownEdgeTests.test_topology_digest_is_deterministic) ... ok
test_unadmitted_extra_edge_is_refused (test_crown_edges.CrownEdgeTests.test_unadmitted_extra_edge_is_refused) ... ok
test_unknown_edge_cannot_carry_evidence (test_crown_edges.CrownEdgeTests.test_unknown_edge_cannot_carry_evidence) ... ok
test_unknown_edge_key_is_refused (test_crown_edges.CrownEdgeTests.test_unknown_edge_key_is_refused) ... ok
test_unknown_root_key_is_refused (test_crown_edges.CrownEdgeTests.test_unknown_root_key_is_refused) ... ok
test_verifier_is_mandatory (test_crown_edges.CrownEdgeTests.test_verifier_is_mandatory) ... ok
test_ww3gym_cannot_escape_simulation_scope (test_crown_edges.CrownEdgeTests.test_ww3gym_cannot_escape_simulation_scope) ... ok
test_zero_unreceipted_actuation_cannot_be_disabled (test_crown_edges.CrownEdgeTests.test_zero_unreceipted_actuation_cannot_be_disabled) ... ok
test_cycle_is_deterministic (test_dfcm_autonomic_finish.DfcmAutonomicFinishTests.test_cycle_is_deterministic) ... ok
test_cycle_refused_for_unadmitted_dependency (test_dfcm_autonomic_finish.DfcmAutonomicFinishTests.test_cycle_refused_for_unadmitted_dependency) ... ok
test_cycle_terminates_only_when_dod_is_true (test_dfcm_autonomic_finish.DfcmAutonomicFinishTests.test_cycle_terminates_only_when_dod_is_true) ... ok
test_definition_of_done_is_computed_and_promotion_ready (test_dfcm_autonomic_finish.DfcmAutonomicFinishTests.test_definition_of_done_is_computed_and_promotion_ready) ... ok
test_definition_of_done_requires_exact_executed_subject (test_dfcm_autonomic_finish.DfcmAutonomicFinishTests.test_definition_of_done_requires_exact_executed_subject) ... ok
test_definition_of_done_requires_receipt_for_alive (test_dfcm_autonomic_finish.DfcmAutonomicFinishTests.test_definition_of_done_requires_receipt_for_alive) ... ok
test_exact_grant_required_for_do (test_dfcm_autonomic_finish.DfcmAutonomicFinishTests.test_exact_grant_required_for_do) ... ok
test_frontier_refuses_blocked_dependency (test_dfcm_autonomic_finish.DfcmAutonomicFinishTests.test_frontier_refuses_blocked_dependency) ... ok
test_grant_subject_drift_is_refused (test_dfcm_autonomic_finish.DfcmAutonomicFinishTests.test_grant_subject_drift_is_refused) ... ok
test_incomplete_cycle_is_partial_and_continues (test_dfcm_autonomic_finish.DfcmAutonomicFinishTests.test_incomplete_cycle_is_partial_and_continues) ... ok
test_incomplete_without_lawful_frontier_refuses (test_dfcm_autonomic_finish.DfcmAutonomicFinishTests.test_incomplete_without_lawful_frontier_refuses) ... ok
test_receipt_replay_detects_tamper (test_dfcm_autonomic_finish.DfcmAutonomicFinishTests.test_receipt_replay_detects_tamper) ... ok
test_release_alive_overclaim_is_refused_by_dod (test_dfcm_autonomic_finish.DfcmAutonomicFinishTests.test_release_alive_overclaim_is_refused_by_dod) ... ok
test_selects_maximum_transitive_relief (test_dfcm_autonomic_finish.DfcmAutonomicFinishTests.test_selects_maximum_transitive_relief) ... ok
test_every_integration_subject_is_exact_sha_bound (test_dfcm_dd_ui_contract.DfcmDdUiContractTest.test_every_integration_subject_is_exact_sha_bound) ... ok
test_ownership_boundaries_are_explicit (test_dfcm_dd_ui_contract.DfcmDdUiContractTest.test_ownership_boundaries_are_explicit) ... ok
test_receipts_bind_replay_context (test_dfcm_dd_ui_contract.DfcmDdUiContractTest.test_receipts_bind_replay_context) ... ok
test_rendering_has_no_actuation_authority (test_dfcm_dd_ui_contract.DfcmDdUiContractTest.test_rendering_has_no_actuation_authority) ... ok
test_select_construct_do_are_separate (test_dfcm_dd_ui_contract.DfcmDdUiContractTest.test_select_construct_do_are_separate) ... ok
test_zero_irreversible_selection (test_dfcm_dd_ui_contract.DfcmDdUiContractTest.test_zero_irreversible_selection) ... ok
test_brce_is_only_do_path (test_dfcm_profile.DfCMProfileTests.test_brce_is_only_do_path) ... ok
test_canonical_profile_is_admitted (test_dfcm_profile.DfCMProfileTests.test_canonical_profile_is_admitted) ... ok
test_failed_edge_must_not_collapse_graph (test_dfcm_profile.DfCMProfileTests.test_failed_edge_must_not_collapse_graph) ... ok
test_falsifier_is_required_before_selection (test_dfcm_profile.DfCMProfileTests.test_falsifier_is_required_before_selection) ... ok
test_irreversible_selection_requires_authority (test_dfcm_profile.DfCMProfileTests.test_irreversible_selection_requires_authority) ... ok
test_public_ontology_drift_refuses (test_dfcm_profile.DfCMProfileTests.test_public_ontology_drift_refuses) ... ok
test_public_ontology_redefinition_refuses (test_dfcm_profile.DfCMProfileTests.test_public_ontology_redefinition_refuses) ... ok
test_shacl_conformance_cannot_promote_alive (test_dfcm_profile.DfCMProfileTests.test_shacl_conformance_cannot_promote_alive) ... ok
test_clap_noun_verb_deploy_is_exact_git_subject_not_sibling_path (test_ecosystem_cli_dependency.EcosystemCliDependencyTest.test_clap_noun_verb_deploy_is_exact_git_subject_not_sibling_path) ... ok
test_required_deployment_surfaces_remain_admitted (test_ecosystem_cli_dependency.EcosystemCliDependencyTest.test_required_deployment_surfaces_remain_admitted) ... ok
test_actions_classify_wip_without_mutating_it (test_errc_portfolio.ERRCPlanTests.test_actions_classify_wip_without_mutating_it) ... ok
test_cycle_is_refused (test_errc_portfolio.ERRCPlanTests.test_cycle_is_refused) ... ok
test_do_authority_policy_is_refused (test_errc_portfolio.ERRCPlanTests.test_do_authority_policy_is_refused) ... ok
test_focus_prefers_dependency_ready_high_relief_roots (test_errc_portfolio.ERRCPlanTests.test_focus_prefers_dependency_ready_high_relief_roots) ... ok
test_multi_root_downstream_is_not_credited_until_all_root_blockers_are_selected (test_errc_portfolio.ERRCPlanTests.test_multi_root_downstream_is_not_credited_until_all_root_blockers_are_selected) ... ok
test_replay_is_deterministic (test_errc_portfolio.ERRCPlanTests.test_replay_is_deterministic) ... ok
test_unresolved_dependency_cannot_enter_focus (test_errc_portfolio.ERRCPlanTests.test_unresolved_dependency_cannot_enter_focus) ... ok
test_all_pass_is_bounded_partial_alive_and_replays (test_exact_subject_evidence_manifest.ManifestTests.test_all_pass_is_bounded_partial_alive_and_replays) ... ok
test_conflicting_duplicate_is_refused (test_exact_subject_evidence_manifest.ManifestTests.test_conflicting_duplicate_is_refused) ... ok
test_empty_evidence_is_unknown (test_exact_subject_evidence_manifest.ManifestTests.test_empty_evidence_is_unknown) ... ok
test_failure_is_build_broken (test_exact_subject_evidence_manifest.ManifestTests.test_failure_is_build_broken) ... ok
test_foreign_sha_is_typed_refusal (test_exact_subject_evidence_manifest.ManifestTests.test_foreign_sha_is_typed_refusal) ... ok
test_order_is_deterministic (test_exact_subject_evidence_manifest.ManifestTests.test_order_is_deterministic) ... ok
test_pending_cannot_false_positive (test_exact_subject_evidence_manifest.ManifestTests.test_pending_cannot_false_positive) ... ok
test_tamper_breaks_receipt (test_exact_subject_evidence_manifest.ManifestTests.test_tamper_breaks_receipt) ... ok
test_ambient_do_is_refused_even_for_broker_owner (test_federated_capability_owner.FederationTests.test_ambient_do_is_refused_even_for_broker_owner) ... ok
test_autofde_owner_projects_do_without_ambient_do (test_federated_capability_owner.FederationTests.test_autofde_owner_projects_do_without_ambient_do) ... ok
test_automatic_irreversible_do_is_refused (test_federated_capability_owner.FederationTests.test_automatic_irreversible_do_is_refused) ... ok
test_base_sha_must_be_real_ancestor_of_exact_subject (test_federated_capability_owner.FederationTests.test_base_sha_must_be_real_ancestor_of_exact_subject) ... ok
test_dfcm_release_closes_required_manifest (test_federated_capability_owner.FederationTests.test_dfcm_release_closes_required_manifest) ... ok
test_owner_coverage_is_fail_closed (test_federated_capability_owner.FederationTests.test_owner_coverage_is_fail_closed) ... ok
test_release_dependency_drift_is_refused (test_federated_capability_owner.FederationTests.test_release_dependency_drift_is_refused) ... ok
test_release_profile_binds_autofde_broker (test_federated_capability_owner.FederationTests.test_release_profile_binds_autofde_broker) ... ok
test_release_role_drift_is_refused (test_federated_capability_owner.FederationTests.test_release_role_drift_is_refused) ... ok
test_simulation_authority_escape_is_refused (test_federated_capability_owner.FederationTests.test_simulation_authority_escape_is_refused) ... ok
test_source_participation_does_not_gain_broker_or_receipt (test_federated_capability_owner.FederationTests.test_source_participation_does_not_gain_broker_or_receipt) ... ok
test_canonical_manifest_is_valid (test_formal_discovery_loop.FormalDiscoveryLoopTest.test_canonical_manifest_is_valid) ... ok
test_complete_receipt_reaches_alive (test_formal_discovery_loop.FormalDiscoveryLoopTest.test_complete_receipt_reaches_alive) ... ok
test_known_route_cannot_be_llm (test_formal_discovery_loop.FormalDiscoveryLoopTest.test_known_route_cannot_be_llm) ... ok
test_llm_authority_refuses (test_formal_discovery_loop.FormalDiscoveryLoopTest.test_llm_authority_refuses) ... ok
test_missing_lean_admission_is_partial_alive (test_formal_discovery_loop.FormalDiscoveryLoopTest.test_missing_lean_admission_is_partial_alive) ... ok
test_ontology_feedback_cannot_bypass_certification (test_formal_discovery_loop.FormalDiscoveryLoopTest.test_ontology_feedback_cannot_bypass_certification) ... ok
test_semantic_unknown_must_remain_candidate_only (test_formal_discovery_loop.FormalDiscoveryLoopTest.test_semantic_unknown_must_remain_candidate_only) ... ok
test_stage_dependency_cycle_refuses_manifest (test_formal_discovery_loop.FormalDiscoveryLoopTest.test_stage_dependency_cycle_refuses_manifest) ... ok
test_unreceipted_ontology_mutation_refuses (test_formal_discovery_loop.FormalDiscoveryLoopTest.test_unreceipted_ontology_mutation_refuses) ... ok
test_components_are_exact_candidate_subjects (test_formation_catalog.FormationCatalogTests.test_components_are_exact_candidate_subjects) ... ok
test_goal_is_relationship_not_recognition_or_results (test_formation_catalog.FormationCatalogTests.test_goal_is_relationship_not_recognition_or_results) ... ok
test_llm_has_no_revelation_or_pastoral_authority (test_formation_catalog.FormationCatalogTests.test_llm_has_no_revelation_or_pastoral_authority) ... ok
test_canonical_manifest_validates (test_frontier_release_factory.FrontierReleaseFactoryTest.test_canonical_manifest_validates) ... ok
test_complete_evidence_receipt_is_alive (test_frontier_release_factory.FrontierReleaseFactoryTest.test_complete_evidence_receipt_is_alive) ... ok
test_llm_route_cannot_gain_authority (test_frontier_release_factory.FrontierReleaseFactoryTest.test_llm_route_cannot_gain_authority) ... ok
test_missing_repository_role_invalidates_contract (test_frontier_release_factory.FrontierReleaseFactoryTest.test_missing_repository_role_invalidates_contract) ... ok
test_replay_must_not_reactuate_do (test_frontier_release_factory.FrontierReleaseFactoryTest.test_replay_must_not_reactuate_do) ... ok
test_repository_creation_requires_broker_and_receipt (test_frontier_release_factory.FrontierReleaseFactoryTest.test_repository_creation_requires_broker_and_receipt) ... ok
test_source_release_as_authority_refuses (test_frontier_release_factory.FrontierReleaseFactoryTest.test_source_release_as_authority_refuses) ... ok
test_unearned_claim_is_partial_alive (test_frontier_release_factory.FrontierReleaseFactoryTest.test_unearned_claim_is_partial_alive) ... ok
test_working_backwards_release_cannot_be_earned_by_declaration (test_frontier_release_factory.FrontierReleaseFactoryTest.test_working_backwards_release_cannot_be_earned_by_declaration) ... ok
test_alive_crown_without_paired_live_closure_is_refused (test_gcp_exact_contract.GcpExactContractTests.test_alive_crown_without_paired_live_closure_is_refused) ... ok
test_current_control_plane_is_structurally_admitted_but_not_exact (test_gcp_exact_contract.GcpExactContractTests.test_current_control_plane_is_structurally_admitted_but_not_exact) ... ok
test_missing_contract_source_is_refused (test_gcp_exact_contract.GcpExactContractTests.test_missing_contract_source_is_refused) ... ok
test_non_exact_subject_sha_is_refused (test_gcp_exact_contract.GcpExactContractTests.test_non_exact_subject_sha_is_refused) ... ok
test_all_success_is_partial_alive_ci_only (test_github_ci_evidence.GithubCiEvidenceTests.test_all_success_is_partial_alive_ci_only) ... ok
test_deterministic_order_and_receipt (test_github_ci_evidence.GithubCiEvidenceTests.test_deterministic_order_and_receipt) ... ok
test_empty_never_claims_success (test_github_ci_evidence.GithubCiEvidenceTests.test_empty_never_claims_success) ... ok
test_failure_is_build_broken (test_github_ci_evidence.GithubCiEvidenceTests.test_failure_is_build_broken) ... ok
test_pending_never_false_positive (test_github_ci_evidence.GithubCiEvidenceTests.test_pending_never_false_positive) ... ok
test_stale_head_refuses (test_github_ci_evidence.GithubCiEvidenceTests.test_stale_head_refuses) ... ok
test_tamper_breaks_replay (test_github_ci_evidence.GithubCiEvidenceTests.test_tamper_breaks_replay) ... ok
test_ambient_scope_refused (test_live_azure_authority.LiveAzureAuthorityTests.test_ambient_scope_refused) ... ok
test_blocked_without_authority_is_preserved (test_live_azure_authority.LiveAzureAuthorityTests.test_blocked_without_authority_is_preserved) ... ok
test_brce_must_remain_exclusive_do_path (test_live_azure_authority.LiveAzureAuthorityTests.test_brce_must_remain_exclusive_do_path) ... ok
test_capability_is_not_authority (test_live_azure_authority.LiveAzureAuthorityTests.test_capability_is_not_authority) ... ok
test_exact_bounded_gymact_brce_live_evidence_can_transition_alive (test_live_azure_authority.LiveAzureAuthorityTests.test_exact_bounded_gymact_brce_live_evidence_can_transition_alive) ... ok
test_gymact_identity_drift_refused (test_live_azure_authority.LiveAzureAuthorityTests.test_gymact_identity_drift_refused) ... ok
test_probe_must_execute_inside_admitted_scope (test_live_azure_authority.LiveAzureAuthorityTests.test_probe_must_execute_inside_admitted_scope) ... ok
test_secret_material_is_never_an_admission_artifact (test_live_azure_authority.LiveAzureAuthorityTests.test_secret_material_is_never_an_admission_artifact) ... ok
test_authority_escalation_is_refused (test_pending_branch_bundle.PendingBranchBundleTests.test_authority_escalation_is_refused) ... ok
test_current_bundle_is_closed_and_observed (test_pending_branch_bundle.PendingBranchBundleTests.test_current_bundle_is_closed_and_observed) ... ok
test_duplicate_pr_is_refused (test_pending_branch_bundle.PendingBranchBundleTests.test_duplicate_pr_is_refused) ... ok
test_integration_identity_drift_is_refused (test_pending_branch_bundle.PendingBranchBundleTests.test_integration_identity_drift_is_refused) ... ok
test_integration_role_cannot_be_erased (test_pending_branch_bundle.PendingBranchBundleTests.test_integration_role_cannot_be_erased) ... ok
test_invalid_sha_is_refused (test_pending_branch_bundle.PendingBranchBundleTests.test_invalid_sha_is_refused) ... ok
test_alive_reconstituted_subject_must_be_new (test_platform_reconstitution.PlatformReconstitutionTests.test_alive_reconstituted_subject_must_be_new) ... ok
test_alive_requires_all_substrate_execution_evidence (test_platform_reconstitution.PlatformReconstitutionTests.test_alive_requires_all_substrate_execution_evidence) ... ok
test_alive_requires_reconstitution_identity (test_platform_reconstitution.PlatformReconstitutionTests.test_alive_requires_reconstitution_identity) ... ok
test_alive_stale_marketplace_subject_is_refused (test_platform_reconstitution.PlatformReconstitutionTests.test_alive_stale_marketplace_subject_is_refused) ... ok
test_alive_stale_toolchain_subject_is_refused (test_platform_reconstitution.PlatformReconstitutionTests.test_alive_stale_toolchain_subject_is_refused) ... ok
test_alive_without_execution_evidence_is_refused (test_platform_reconstitution.PlatformReconstitutionTests.test_alive_without_execution_evidence_is_refused) ... ok
test_ambient_do_is_refused (test_platform_reconstitution.PlatformReconstitutionTests.test_ambient_do_is_refused) ... ok
test_candidate_contract_is_structurally_admitted (test_platform_reconstitution.PlatformReconstitutionTests.test_candidate_contract_is_structurally_admitted) ... ok
test_duplicate_projection_is_refused (test_platform_reconstitution.PlatformReconstitutionTests.test_duplicate_projection_is_refused) ... ok
test_incomplete_reconstitution_delete_set_is_refused (test_platform_reconstitution.PlatformReconstitutionTests.test_incomplete_reconstitution_delete_set_is_refused) ... ok
test_missing_projection_class_is_refused (test_platform_reconstitution.PlatformReconstitutionTests.test_missing_projection_class_is_refused) ... ok
test_missing_public_ontology_source_is_refused (test_platform_reconstitution.PlatformReconstitutionTests.test_missing_public_ontology_source_is_refused) ... ok
test_missing_substrate_is_refused (test_platform_reconstitution.PlatformReconstitutionTests.test_missing_substrate_is_refused) ... ok
test_missing_toolchain_role_is_refused (test_platform_reconstitution.PlatformReconstitutionTests.test_missing_toolchain_role_is_refused) ... ok
test_non_brce_do_is_refused (test_platform_reconstitution.PlatformReconstitutionTests.test_non_brce_do_is_refused) ... ok
test_non_ggen_legacy_reconstitution_is_refused (test_platform_reconstitution.PlatformReconstitutionTests.test_non_ggen_legacy_reconstitution_is_refused) ... ok
test_projection_owned_business_meaning_is_refused (test_platform_reconstitution.PlatformReconstitutionTests.test_projection_owned_business_meaning_is_refused) ... ok
test_candidate_cannot_overclaim_release_standing (test_portfolio_control.PortfolioControlTests.test_candidate_cannot_overclaim_release_standing) ... ok
test_capstone_classifies_crown (test_portfolio_control.PortfolioControlTests.test_capstone_classifies_crown) ... ok
test_current_355_repository_observation_is_pagination_consistent (test_portfolio_control.PortfolioControlTests.test_current_355_repository_observation_is_pagination_consistent) ... ok
test_policy_and_candidates_are_admitted (test_portfolio_control.PortfolioControlTests.test_policy_and_candidates_are_admitted) ... ok
test_release_repo_cannot_move_to_adapter (test_portfolio_control.PortfolioControlTests.test_release_repo_cannot_move_to_adapter) ... ok
test_repository_count_is_constrained_by_pagination_not_a_historical_literal (test_portfolio_control.PortfolioControlTests.test_repository_count_is_constrained_by_pagination_not_a_historical_literal) ... ok
test_unknown_owned_repo_defaults_out_of_release (test_portfolio_control.PortfolioControlTests.test_unknown_owned_repo_defaults_out_of_release) ... ok
test_missing_input_measurement_is_refused_even_with_recomputed_outer_digest (test_portfolio_receipt_freshness.PortfolioReceiptFreshnessTests.test_missing_input_measurement_is_refused_even_with_recomputed_outer_digest) ... ok
test_receipt_binds_all_three_measurement_inputs (test_portfolio_receipt_freshness.PortfolioReceiptFreshnessTests.test_receipt_binds_all_three_measurement_inputs) ... ok
test_valid_old_receipt_is_refused_after_ledger_drift (test_portfolio_receipt_freshness.PortfolioReceiptFreshnessTests.test_valid_old_receipt_is_refused_after_ledger_drift) ... ok
test_valid_old_receipt_is_refused_after_manifest_drift (test_portfolio_receipt_freshness.PortfolioReceiptFreshnessTests.test_valid_old_receipt_is_refused_after_manifest_drift) ... ok
test_capsule_and_intent_drift_refuse (test_post_agi_dfcm.PostAgiCapsuleTests.test_capsule_and_intent_drift_refuse) ... ok
test_capsule_is_deterministic_and_self_authenticating (test_post_agi_dfcm.PostAgiCapsuleTests.test_capsule_is_deterministic_and_self_authenticating) ... ok
test_close_execution_binds_observed_do_without_actuating (test_post_agi_dfcm.PostAgiCapsuleTests.test_close_execution_binds_observed_do_without_actuating) ... ok
test_execution_outside_authority_window_refuses (test_post_agi_dfcm.PostAgiCapsuleTests.test_execution_outside_authority_window_refuses) ... ok
test_grant_not_yet_valid_and_expired_refuse (test_post_agi_dfcm.PostAgiCapsuleTests.test_grant_not_yet_valid_and_expired_refuse) ... ok
test_no_lawful_frontier_refuses_but_preserve_still_exposes_topology (test_post_agi_dfcm.PostAgiCapsuleTests.test_no_lawful_frontier_refuses_but_preserve_still_exposes_topology) ... ok
test_preserve_precedes_selection_and_keeps_blocked_topology (test_post_agi_dfcm.PostAgiCapsuleTests.test_preserve_precedes_selection_and_keeps_blocked_topology) ... ok
test_tampered_admission_and_evidence_chain_refuse (test_post_agi_dfcm.PostAgiCapsuleTests.test_tampered_admission_and_evidence_chain_refuse) ... ok
test_time_bounded_grant_admission (test_post_agi_dfcm.PostAgiCapsuleTests.test_time_bounded_grant_admission) ... ok
test_expected_structural_ties_follow_sparql_str_order (test_qlever_crown.QLeverCrownTests.test_expected_structural_ties_follow_sparql_str_order) ... ok
test_fixture_is_byte_deterministic (test_qlever_crown.QLeverCrownTests.test_fixture_is_byte_deterministic) ... ok
test_scale_floor_refuses_small_fixture (test_qlever_crown.QLeverCrownTests.test_scale_floor_refuses_small_fixture) ... ok
test_decodes_json_error_payload (test_rebrand_portfolio.ParseErrorTest.test_decodes_json_error_payload) ... ok
test_falls_back_to_error_string_for_non_json_payload (test_rebrand_portfolio.ParseErrorTest.test_falls_back_to_error_string_for_non_json_payload) ... ok
test_contains_repository_name_and_boundary_language (test_rebrand_portfolio.PortfolioContextTest.test_contains_repository_name_and_boundary_language) ... ok
test_is_deterministic_for_the_same_repository (test_rebrand_portfolio.PortfolioContextTest.test_is_deterministic_for_the_same_repository) ... ok
test_dry_run_reports_candidate_without_touching_the_api (test_rebrand_portfolio.ProcessRepositoryEarlyReturnTest.test_dry_run_reports_candidate_without_touching_the_api) ... ok
test_marks_empty_repository_unsupported (test_rebrand_portfolio.ProcessRepositoryEarlyReturnTest.test_marks_empty_repository_unsupported) ... ok
test_refuses_archived_repository (test_rebrand_portfolio.ProcessRepositoryEarlyReturnTest.test_refuses_archived_repository) ... ok
test_refuses_repository_without_push_authority (test_rebrand_portfolio.ProcessRepositoryEarlyReturnTest.test_refuses_repository_without_push_authority) ... ok
test_duplicate_run_identity_deduplicated (test_reconcile_ci_outcomes.Tests.test_duplicate_run_identity_deduplicated) ... ok
test_foreign_repo_refused (test_reconcile_ci_outcomes.Tests.test_foreign_repo_refused) ... ok
test_half_open_window_excludes_until (test_reconcile_ci_outcomes.Tests.test_half_open_window_excludes_until) ... ok
test_missing_run_identity_refused (test_reconcile_ci_outcomes.Tests.test_missing_run_identity_refused) ... ok
test_pending_is_not_success (test_reconcile_ci_outcomes.Tests.test_pending_is_not_success) ... ok
test_reconciles_ci_and_no_ci_repositories (test_reconcile_ci_outcomes.Tests.test_reconciles_ci_and_no_ci_repositories) ... ok
test_tampered_activity_receipt_refused (test_reconcile_ci_outcomes.Tests.test_tampered_activity_receipt_refused) ... ok
test_tampered_output_receipt_fails_replay (test_reconcile_ci_outcomes.Tests.test_tampered_output_receipt_fails_replay) ... ok
test_exact_half_open_window_excludes_until_boundary (test_reconcile_portfolio_activity.CensusTests.test_exact_half_open_window_excludes_until_boundary) ... ok
test_exact_search_bounds_preserve_half_open_seconds (test_reconcile_portfolio_activity.CensusTests.test_exact_search_bounds_preserve_half_open_seconds) ... ok
test_incomplete_partition_refuses (test_reconcile_portfolio_activity.CensusTests.test_incomplete_partition_refuses) ... ok
test_malformed_rows_do_not_become_activity (test_reconcile_portfolio_activity.CensusTests.test_malformed_rows_do_not_become_activity) ... ok
test_one_second_over_cap_fails_closed (test_reconcile_portfolio_activity.CensusTests.test_one_second_over_cap_fails_closed) ... ok
test_partition_deduplicates_stable_identity (test_reconcile_portfolio_activity.CensusTests.test_partition_deduplicates_stable_identity) ... ok
test_pr_only_repository_is_preserved_in_union (test_reconcile_portfolio_activity.CensusTests.test_pr_only_repository_is_preserved_in_union) ... ok
test_receipt_rejects_tampered_sensor_result (test_reconcile_portfolio_activity.CensusTests.test_receipt_rejects_tampered_sensor_result) ... ok
test_search_cap_is_partitioned_and_fully_recovered (test_reconcile_portfolio_activity.CensusTests.test_search_cap_is_partitioned_and_fully_recovered) ... ok
test_exact_subject_manufactures_replayable_receipt (test_release_ci_subject.ReleaseCiSubjectTest.test_exact_subject_manufactures_replayable_receipt) ... ok
test_malformed_sha_is_refused (test_release_ci_subject.ReleaseCiSubjectTest.test_malformed_sha_is_refused) ... ok
test_receipt_is_deterministic (test_release_ci_subject.ReleaseCiSubjectTest.test_receipt_is_deterministic) ... ok
test_synthetic_or_stale_subject_is_refused (test_release_ci_subject.ReleaseCiSubjectTest.test_synthetic_or_stale_subject_is_refused) ... ok
test_tampered_receipt_is_refused (test_release_ci_subject.ReleaseCiSubjectTest.test_tampered_receipt_is_refused) ... ok
test_unverified_receipt_is_refused_even_with_recomputed_shape (test_release_ci_subject.ReleaseCiSubjectTest.test_unverified_receipt_is_refused_even_with_recomputed_shape) ... ok
test_affidavit_exact_subject_is_alive_only_with_owning_receipt (test_release_control.ReleaseControlTests.test_affidavit_exact_subject_is_alive_only_with_owning_receipt) ... ok
test_autofde_exact_main_execution_receipt_is_preserved (test_release_control.ReleaseControlTests.test_autofde_exact_main_execution_receipt_is_preserved) ... ok
test_autofde_lab_exact_failure_receipt_is_preserved (test_release_control.ReleaseControlTests.test_autofde_lab_exact_failure_receipt_is_preserved) ... ok
test_branch_advancement_does_not_invalidate_admitted_sha (test_release_control.ReleaseControlTests.test_branch_advancement_does_not_invalidate_admitted_sha) ... ok
test_branch_divergence_refuses_admitted_lineage (test_release_control.ReleaseControlTests.test_branch_divergence_refuses_admitted_lineage) ... ok
test_crown_escalates_exact_build_breaks_over_runtime_blocks (test_release_control.ReleaseControlTests.test_crown_escalates_exact_build_breaks_over_runtime_blocks) ... ok
test_dependency_cycle_is_refused (test_release_control.ReleaseControlTests.test_dependency_cycle_is_refused) ... ok
test_duplicate_repository_is_refused (test_release_control.ReleaseControlTests.test_duplicate_repository_is_refused) ... ok
test_exact_ref_head_counts_as_exact_lineage (test_release_control.ReleaseControlTests.test_exact_ref_head_counts_as_exact_lineage) ... ok
test_external_ref_observation_is_required_and_exact (test_release_control.ReleaseControlTests.test_external_ref_observation_is_required_and_exact) ... ok
test_github_json_uses_available_read_token (test_release_control.ReleaseControlTests.test_github_json_uses_available_read_token) ... ok
test_invalid_sha_is_refused (test_release_control.ReleaseControlTests.test_invalid_sha_is_refused) ... ok
test_manifest_is_structurally_admitted (test_release_control.ReleaseControlTests.test_manifest_is_structurally_admitted) ... ok
test_marketplace_exact_subject_is_alive_only_with_owning_receipt (test_release_control.ReleaseControlTests.test_marketplace_exact_subject_is_alive_only_with_owning_receipt) ... ok
test_removing_mfw_from_components_refuses_required_role (test_release_control.ReleaseControlTests.test_removing_mfw_from_components_refuses_required_role) ... ok
test_runtime_frontier_is_required_and_fail_closed (test_release_control.ReleaseControlTests.test_runtime_frontier_is_required_and_fail_closed) ... ok
test_star_toml_exact_failure_receipt_is_preserved (test_release_control.ReleaseControlTests.test_star_toml_exact_failure_receipt_is_preserved) ... ok
test_unadmitted_dependency_is_refused (test_release_control.ReleaseControlTests.test_unadmitted_dependency_is_refused) ... ok
test_an_invalid_expected_version_is_refused_typed (test_release_line.PathFreeVersionLawTests.test_an_invalid_expected_version_is_refused_typed) ... ok
test_expected_version_admits_its_own_line_in_either_spelling (test_release_line.PathFreeVersionLawTests.test_expected_version_admits_its_own_line_in_either_spelling) ... ok
test_expected_version_refuses_another_line_without_a_path (test_release_line.PathFreeVersionLawTests.test_expected_version_refuses_another_line_without_a_path) ... ok
test_path_and_expected_version_are_judged_independently (test_release_line.PathFreeVersionLawTests.test_path_and_expected_version_are_judged_independently) ... ok
test_without_path_or_expected_version_only_the_calendar_form_is_judged (test_release_line.PathFreeVersionLawTests.test_without_path_or_expected_version_only_the_calendar_form_is_judged) ... ok
test_planner_branches_carry_the_target_line (test_release_line.PlannerLineTests.test_planner_branches_carry_the_target_line) ... ok
test_planner_default_is_the_explicit_pointer_line (test_release_line.PlannerLineTests.test_planner_default_is_the_explicit_pointer_line) ... ok
test_planner_refuses_a_cross_line_companion (test_release_line.PlannerLineTests.test_planner_refuses_a_cross_line_companion) ... ok
test_default_is_the_declared_pointer_line (test_release_line.ReleaseLineResolverTests.test_default_is_the_declared_pointer_line) ... ok
test_explicit_inputs_are_bound_to_the_requested_line (test_release_line.ReleaseLineResolverTests.test_explicit_inputs_are_bound_to_the_requested_line) ... ok
test_explicit_release_is_canonicalized (test_release_line.ReleaseLineResolverTests.test_explicit_release_is_canonicalized) ... ok
test_invalid_release_is_refused_typed (test_release_line.ReleaseLineResolverTests.test_invalid_release_is_refused_typed) ... ok
test_missing_pointer_is_refused_typed (test_release_line.ReleaseLineResolverTests.test_missing_pointer_is_refused_typed) ... ok
test_version_is_bound_only_by_a_canonical_release_directory (test_release_line.ReleaseLineResolverTests.test_version_is_bound_only_by_a_canonical_release_directory) ... ok
test_standing_verifier_targets_an_explicit_line (test_release_line.StandingAndWestLineTests.test_standing_verifier_targets_an_explicit_line) ... ok
test_west_default_is_the_explicit_pointer_line (test_release_line.StandingAndWestLineTests.test_west_default_is_the_explicit_pointer_line) ... ok
test_west_refuses_a_projection_sourced_from_another_line (test_release_line.StandingAndWestLineTests.test_west_refuses_a_projection_sourced_from_another_line) ... ok
test_survey_companion_inputs_come_from_the_manifest_line (test_release_line.SurveyLineTests.test_survey_companion_inputs_come_from_the_manifest_line) ... ok
test_survey_scope_and_report_follow_the_target_line (test_release_line.SurveyLineTests.test_survey_scope_and_report_follow_the_target_line) ... ok
test_missing_target_line_is_refused_typed (test_release_line.VerifyReleaseVersionLawTests.test_missing_target_line_is_refused_typed) ... ok
test_predecessor_manifest_under_target_directory_is_refused (test_release_line.VerifyReleaseVersionLawTests.test_predecessor_manifest_under_target_directory_is_refused) ... ok
test_release_flag_conflicting_with_manifest_is_refused (test_release_line.VerifyReleaseVersionLawTests.test_release_flag_conflicting_with_manifest_is_refused) ... ok
test_target_manifest_declaring_its_line_is_admitted (test_release_line.VerifyReleaseVersionLawTests.test_target_manifest_declaring_its_line_is_admitted) ... ok
test_unbound_and_invalid_versions_are_refused (test_release_line.VerifyReleaseVersionLawTests.test_unbound_and_invalid_versions_are_refused) ... ok
test_authenticated_owner_mismatch_refuses (test_repository_visibility_census.VisibilityCensusTests.test_authenticated_owner_mismatch_refuses) ... ok
test_authenticated_path_uses_owner_affiliation_and_includes_private (test_repository_visibility_census.VisibilityCensusTests.test_authenticated_path_uses_owner_affiliation_and_includes_private) ... ok
test_authenticated_scope_preserves_private_active_repository (test_repository_visibility_census.VisibilityCensusTests.test_authenticated_scope_preserves_private_active_repository) ... ok
test_public_fallback_does_not_claim_private_visibility (test_repository_visibility_census.VisibilityCensusTests.test_public_fallback_does_not_claim_private_visibility) ... ok
test_receipt_rejects_tampering (test_repository_visibility_census.VisibilityCensusTests.test_receipt_rejects_tampering) ... ok
test_stale_push_is_not_false_positive (test_repository_visibility_census.VisibilityCensusTests.test_stale_push_is_not_false_positive) ... ok
test_until_boundary_is_excluded (test_repository_visibility_census.VisibilityCensusTests.test_until_boundary_is_excluded) ... ok
test_canonical_contract_is_admitted (test_semantic_traversal.SemanticTraversalContractTests.test_canonical_contract_is_admitted) ... ok
test_correspondence_drift_refuses (test_semantic_traversal.SemanticTraversalContractTests.test_correspondence_drift_refuses) ... ok
test_derived_formula_drift_refuses (test_semantic_traversal.SemanticTraversalContractTests.test_derived_formula_drift_refuses) ... ok
test_do_without_broker_refuses (test_semantic_traversal.SemanticTraversalContractTests.test_do_without_broker_refuses) ... ok
test_duplicate_metric_refuses (test_semantic_traversal.SemanticTraversalContractTests.test_duplicate_metric_refuses) ... ok
test_exact_subject_receipt_replays (test_semantic_traversal.SemanticTraversalContractTests.test_exact_subject_receipt_replays) ... ok
test_missing_invariant_refuses (test_semantic_traversal.SemanticTraversalContractTests.test_missing_invariant_refuses) ... ok
test_receipt_exact_subject_drift_refuses (test_semantic_traversal.SemanticTraversalContractTests.test_receipt_exact_subject_drift_refuses) ... ok
test_receipt_tamper_refuses (test_semantic_traversal.SemanticTraversalContractTests.test_receipt_tamper_refuses) ... ok
test_route_owner_drift_refuses (test_semantic_traversal.SemanticTraversalContractTests.test_route_owner_drift_refuses) ... ok
test_zero_denominator_must_remain_unknown (test_semantic_traversal.SemanticTraversalContractTests.test_zero_denominator_must_remain_unknown) ... ok
test_alive_must_bind_exact_admitted_sha (test_standing_evidence.StandingEvidenceTests.test_alive_must_bind_exact_admitted_sha) ... ok
test_alive_without_execution_receipt_is_refused (test_standing_evidence.StandingEvidenceTests.test_alive_without_execution_receipt_is_refused) ... ok
test_blocked_component_cannot_carry_execution_standing (test_standing_evidence.StandingEvidenceTests.test_blocked_component_cannot_carry_execution_standing) ... ok
test_build_broken_must_bind_exact_admitted_sha (test_standing_evidence.StandingEvidenceTests.test_build_broken_must_bind_exact_admitted_sha) ... ok
test_build_broken_requires_execution_receipt (test_standing_evidence.StandingEvidenceTests.test_build_broken_requires_execution_receipt) ... ok
test_build_broken_requires_typed_reason (test_standing_evidence.StandingEvidenceTests.test_build_broken_requires_typed_reason) ... ok
test_current_manifest_admits_only_earned_execution_claims (test_standing_evidence.StandingEvidenceTests.test_current_manifest_admits_only_earned_execution_claims) ... ok
test_authenticated_owner_inventory_is_complete (test_survey_portfolio.GitHubPaginationTests.test_authenticated_owner_inventory_is_complete) ... ok
test_public_owner_inventory_requires_empty_terminator_and_is_partial (test_survey_portfolio.GitHubPaginationTests.test_public_owner_inventory_requires_empty_terminator_and_is_partial) ... ok
test_actuate_crosswalk_requires_brce_exclusive (test_survey_portfolio.PortfolioSurveyTests.test_actuate_crosswalk_requires_brce_exclusive) ... ok
test_actuation_release_role_does_not_grant_actuate (test_survey_portfolio.PortfolioSurveyTests.test_actuation_release_role_does_not_grant_actuate) ... ok
test_build_survey_separates_portfolio_release_and_support (test_survey_portfolio.PortfolioSurveyTests.test_build_survey_separates_portfolio_release_and_support) ... ok
test_complete_inventory_makes_required_absence_blocking (test_survey_portfolio.PortfolioSurveyTests.test_complete_inventory_makes_required_absence_blocking) ... ok
test_missing_release_role_mapping_is_blocking (test_survey_portfolio.PortfolioSurveyTests.test_missing_release_role_mapping_is_blocking) ... ok
test_outputs_are_receipted_and_replayable (test_survey_portfolio.PortfolioSurveyTests.test_outputs_are_receipted_and_replayable) ... ok
test_public_partial_inventory_never_turns_absence_into_blocking_fact (test_survey_portfolio.PortfolioSurveyTests.test_public_partial_inventory_never_turns_absence_into_blocking_fact) ... ok
test_ref_drift_is_observed_not_promoted (test_survey_portfolio.PortfolioSurveyTests.test_ref_drift_is_observed_not_promoted) ... ok
test_both_exact_receipts_promote_federation (test_tpcs_pipeline.TcpsFederationTest.test_both_exact_receipts_promote_federation) ... ok
test_canonical_factory_is_exact_sha_bound (test_tpcs_pipeline.TcpsFederationTest.test_canonical_factory_is_exact_sha_bound) ... ok
test_contract_is_composition_only (test_tpcs_pipeline.TcpsFederationTest.test_contract_is_composition_only) ... ok
test_expected_artifact_names_bind_exact_head (test_tpcs_pipeline.TcpsFederationTest.test_expected_artifact_names_bind_exact_head) ... ok
test_federation_ontology_has_no_factory_authority (test_tpcs_pipeline.TcpsFederationTest.test_federation_ontology_has_no_factory_authority) ... ok
test_missing_canonical_receipts_cannot_crown_factory (test_tpcs_pipeline.TcpsFederationTest.test_missing_canonical_receipts_cannot_crown_factory) ... ok
test_projection_difference_is_refused (test_tpcs_pipeline.TcpsFederationTest.test_projection_difference_is_refused) ... ok
test_projection_projector_drift_is_refused (test_tpcs_pipeline.TcpsFederationTest.test_projection_projector_drift_is_refused) ... ok
test_required_capability_closure_contains_dfcm_and_do_boundary (test_tpcs_pipeline.TcpsFederationTest.test_required_capability_closure_contains_dfcm_and_do_boundary) ... ok
test_runtime_subject_drift_is_refused (test_tpcs_pipeline.TcpsFederationTest.test_runtime_subject_drift_is_refused) ... ok
test_runtime_verifier_failure_is_refused (test_tpcs_pipeline.TcpsFederationTest.test_runtime_verifier_failure_is_refused) ... ok
test_authority_consequence_mismatch_refuses_before_do (test_v2030_definition_of_done.V2030DefinitionOfDoneTest.test_authority_consequence_mismatch_refuses_before_do) ... ok
test_dfcm_action_frontier_preserves_all_reversible_lawful_edges (test_v2030_definition_of_done.V2030DefinitionOfDoneTest.test_dfcm_action_frontier_preserves_all_reversible_lawful_edges) ... ok
test_exact_dfcm_authority_must_bind_prepared_intent (test_v2030_definition_of_done.V2030DefinitionOfDoneTest.test_exact_dfcm_authority_must_bind_prepared_intent) ... ok
test_invalid_exact_subject_refuses_before_authority_or_actuation (test_v2030_definition_of_done.V2030DefinitionOfDoneTest.test_invalid_exact_subject_refuses_before_authority_or_actuation) ... ok
test_missing_receipt_capability_refuses_before_do (test_v2030_definition_of_done.V2030DefinitionOfDoneTest.test_missing_receipt_capability_refuses_before_do) ... ok
test_persisted_receipt_tamper_hits_dfcm_replay_court (test_v2030_definition_of_done.V2030DefinitionOfDoneTest.test_persisted_receipt_tamper_hits_dfcm_replay_court) ... ok
test_postcondition_failure_is_receipted_but_not_alive (test_v2030_definition_of_done.V2030DefinitionOfDoneTest.test_postcondition_failure_is_receipted_but_not_alive) ... ok
test_precondition_mismatch_refuses_after_reservation_before_actuation (test_v2030_definition_of_done.V2030DefinitionOfDoneTest.test_precondition_mismatch_refuses_after_reservation_before_actuation) ... ok
test_prepare_is_construct_only_and_execution_reaches_alive (test_v2030_definition_of_done.V2030DefinitionOfDoneTest.test_prepare_is_construct_only_and_execution_reaches_alive) ... ok
test_receipt_tampering_is_refused_by_canonical_replay (test_v2030_definition_of_done.V2030DefinitionOfDoneTest.test_receipt_tampering_is_refused_by_canonical_replay) ... ok
test_replay_and_idempotent_rerun_do_not_reactuate (test_v2030_definition_of_done.V2030DefinitionOfDoneTest.test_replay_and_idempotent_rerun_do_not_reactuate) ... ok
test_replay_cannot_relabel_sealed_authority (test_v2030_definition_of_done.V2030DefinitionOfDoneTest.test_replay_cannot_relabel_sealed_authority) ... ok
test_repository_contract_reuses_canonical_dfcm_owner (test_v2030_definition_of_done.V2030DefinitionOfDoneTest.test_repository_contract_reuses_canonical_dfcm_owner) ... ok
test_selection_outside_frontier_is_refused (test_v2030_definition_of_done.V2030DefinitionOfDoneTest.test_selection_outside_frontier_is_refused) ... ok
test_verification_requires_evidence (test_v2030_definition_of_done.V2030DefinitionOfDoneTest.test_verification_requires_evidence) ... ok
test_current_capsule (test_v26_8_23_release.T.test_current_capsule) ... ok
test_duplicate_requirement_refuses (test_v26_8_23_release.T.test_duplicate_requirement_refuses) ... ok
test_false_alive_refuses (test_v26_8_23_release.T.test_false_alive_refuses) ... ok
test_future_line_is_preserved (test_v26_8_23_release.T.test_future_line_is_preserved) ... ok
test_wrong_version_refuses (test_v26_8_23_release.T.test_wrong_version_refuses) ... ok
test_ambient_do_is_rejected (test_verify_calendar_release.CalendarReleaseTests.test_ambient_do_is_rejected) ... ok
test_calendar_version_maps_to_release_date (test_verify_calendar_release.CalendarReleaseTests.test_calendar_version_maps_to_release_date) ... ok
test_current_release_documents_verify (test_verify_calendar_release.CalendarReleaseTests.test_current_release_documents_verify) ... ok
test_cli_replay_round_trip (test_verify_ci_subject.VerifyCiSubjectTests.test_cli_replay_round_trip) ... ok
test_missing_pr_head_is_refused (test_verify_ci_subject.VerifyCiSubjectTests.test_missing_pr_head_is_refused) ... ok
test_non_pr_event_uses_fallback_sha (test_verify_ci_subject.VerifyCiSubjectTests.test_non_pr_event_uses_fallback_sha) ... ok
test_pr_head_is_admitted_exact_subject (test_verify_ci_subject.VerifyCiSubjectTests.test_pr_head_is_admitted_exact_subject) ... ok
test_synthetic_pr_merge_sha_is_refused (test_verify_ci_subject.VerifyCiSubjectTests.test_synthetic_pr_merge_sha_is_refused) ... ok
test_tampered_receipt_fails_replay (test_verify_ci_subject.VerifyCiSubjectTests.test_tampered_receipt_fails_replay) ... ok
test_cli_refusal_is_machine_readable (test_verify_exact_head_evidence.CourtTests.test_cli_refusal_is_machine_readable) ... ok
test_duplicate_source_refuses (test_verify_exact_head_evidence.CourtTests.test_duplicate_source_refuses) ... ok
test_empty_evidence_is_unknown (test_verify_exact_head_evidence.CourtTests.test_empty_evidence_is_unknown) ... ok
test_failure_is_observed_but_not_alive (test_verify_exact_head_evidence.CourtTests.test_failure_is_observed_but_not_alive) ... ok
test_fresh_exact_head_is_alive_and_digest_replays (test_verify_exact_head_evidence.CourtTests.test_fresh_exact_head_is_alive_and_digest_replays) ... ok
test_future_evidence_refuses (test_verify_exact_head_evidence.CourtTests.test_future_evidence_refuses) ... ok
test_stale_evidence_refuses (test_verify_exact_head_evidence.CourtTests.test_stale_evidence_refuses) ... ok
test_wrong_head_refuses (test_verify_exact_head_evidence.CourtTests.test_wrong_head_refuses) ... ok
test_blocked_report_cannot_replay_as_alive (test_verify_portfolio.VerifyPortfolioTests.test_blocked_report_cannot_replay_as_alive) ... ok
test_candidate_for_unadmitted_component_is_flagged (test_verify_portfolio.VerifyPortfolioTests.test_candidate_for_unadmitted_component_is_flagged) ... ok
test_candidate_release_standing_overclaim_is_flagged (test_verify_portfolio.VerifyPortfolioTests.test_candidate_release_standing_overclaim_is_flagged) ... ok
test_candidate_sha_equal_to_admitted_sha_is_flagged_not_distinct (test_verify_portfolio.VerifyPortfolioTests.test_candidate_sha_equal_to_admitted_sha_is_flagged_not_distinct) ... ok
test_classify_composition_root_is_crown (test_verify_portfolio.VerifyPortfolioTests.test_classify_composition_root_is_crown) ... ok
test_classify_required_repository (test_verify_portfolio.VerifyPortfolioTests.test_classify_required_repository) ... ok
test_classify_unknown_repository_falls_back_to_default (test_verify_portfolio.VerifyPortfolioTests.test_classify_unknown_repository_falls_back_to_default) ... ok
test_current_release_state_is_clean (test_verify_portfolio.VerifyPortfolioTests.test_current_release_state_is_clean) ... ok
test_default_disposition_not_fail_safe_is_flagged (test_verify_portfolio.VerifyPortfolioTests.test_default_disposition_not_fail_safe_is_flagged) ... ok
test_duplicate_candidate_component_is_flagged (test_verify_portfolio.VerifyPortfolioTests.test_duplicate_candidate_component_is_flagged) ... ok
test_explicit_kind_must_match_structural_shape (test_verify_portfolio.VerifyPortfolioTests.test_explicit_kind_must_match_structural_shape) ... ok
test_invalid_explicit_kind_is_refused (test_verify_portfolio.VerifyPortfolioTests.test_invalid_explicit_kind_is_refused) ... ok
test_legacy_rows_are_typed_by_candidate_sha_presence (test_verify_portfolio.VerifyPortfolioTests.test_legacy_rows_are_typed_by_candidate_sha_presence) ... ok
test_observation_cannot_smuggle_ci_authority (test_verify_portfolio.VerifyPortfolioTests.test_observation_cannot_smuggle_ci_authority) ... ok
test_observation_drift_does_not_require_candidate_ci (test_verify_portfolio.VerifyPortfolioTests.test_observation_drift_does_not_require_candidate_ci) ... ok
test_pagination_evidence_flags_count_below_page_floor (test_verify_portfolio.VerifyPortfolioTests.test_pagination_evidence_flags_count_below_page_floor) ... ok
test_pagination_evidence_flags_invalid_types (test_verify_portfolio.VerifyPortfolioTests.test_pagination_evidence_flags_invalid_types) ... ok
test_pagination_evidence_flags_missing_terminator (test_verify_portfolio.VerifyPortfolioTests.test_pagination_evidence_flags_missing_terminator) ... ok
test_pagination_evidence_valid_when_count_in_range (test_verify_portfolio.VerifyPortfolioTests.test_pagination_evidence_valid_when_count_in_range) ... ok
test_receipt_is_deterministic_and_replayable (test_verify_portfolio.VerifyPortfolioTests.test_receipt_is_deterministic_and_replayable) ... ok
test_receipt_tamper_is_refused (test_verify_portfolio.VerifyPortfolioTests.test_receipt_tamper_is_refused) ... ok
test_report_counts_candidates_separately_from_observations (test_verify_portfolio.VerifyPortfolioTests.test_report_counts_candidates_separately_from_observations) ... ok
test_repository_in_two_dispositions_is_flagged (test_verify_portfolio.VerifyPortfolioTests.test_repository_in_two_dispositions_is_flagged) ... ok
test_repository_outside_owner_namespace_is_flagged (test_verify_portfolio.VerifyPortfolioTests.test_repository_outside_owner_namespace_is_flagged) ... ok
test_default_frontier_excludes_reversible_portfolio_and_corpus (test_west_contract.WestContractTests.test_default_frontier_excludes_reversible_portfolio_and_corpus) ... ok
test_default_group_filter_matches_policy_and_seals_non_release (test_west_contract.WestContractTests.test_default_group_filter_matches_policy_and_seals_non_release) ... ok
test_extension_commands_have_no_do_authority (test_west_contract.WestContractTests.test_extension_commands_have_no_do_authority) ... ok
test_feature_surface_is_exercised_not_just_declared (test_west_contract.WestContractTests.test_feature_surface_is_exercised_not_just_declared) ... ok
test_manifest_uses_versioned_imports_extensions_and_prefixing (test_west_contract.WestContractTests.test_manifest_uses_versioned_imports_extensions_and_prefixing) ... ok
test_public_portfolio_is_preserved_but_inactive (test_west_contract.WestContractTests.test_public_portfolio_is_preserved_but_inactive) ... ok

----------------------------------------------------------------------
Ran 538 tests in 81.531s

OK
aaaaaaaaaaaaaaaaaaaaaaaaaaaaaaaaaaaaaaaa
{"detail": "seanchatmangpt/example:run-1:bbbbbbbbbbbbbbbbbbbbbbbbbbbbbbbbbbbbbbbb!=aaaaaaaaaaaaaaaaaaaaaaaaaaaaaaaaaaaaaaaa", "refusal": "REFUSED[EVIDENCE_WRONG_HEAD]", "standing": "REFUSED"}
CI_JOB_STEP_PASS step=9 name='Mutation and invariant tests'
CI_JOB_STEP step=10 name='Report crown standing without overclaiming' cwd=.
{
  "component_count": 16,
  "findings": [],
  "manifest_sha256": "30b1d83ce544299557da50084ced696172d219f6790c2cfc5b78116902850949",
  "ref_coverage": {
    "external_exact": 0,
    "github_advanced": 0,
    "github_exact": 0,
    "github_live": 0
  },
  "refs_checked": false,
  "release": "26.9.1",
  "required_component_count": 16,
  "standing": "BUILD_BROKEN"
}
CI_JOB_STEP_PASS step=10 name='Report crown standing without overclaiming'
CI_JOB_PASS .github/workflows/release-control-plane.yml#manifest head=ec2965b6ef22889a0258778368c36433023a3d6e
COURT_GATE_PASS order=8 name=ci.release-control-plane
COURT_GATE_RUN order=9 name=ci.old-estate-revops
CI_JOB_HOST_SHIM the host's python3 resolves `tests` to /opt/homebrew/lib/python3.14/site-packages/tests/__init__.py, which shadows the repository's tests/ namespace directory (`python3 -m unittest tests.<module>` cannot import it); PYTHONPATH leads with a scratch tests package whose __path__ is /Users/sac/chatman-ecosystem/tests
CI_JOB .github/workflows/old-estate-revops.yml#exact-head name='Exact-head planner admission' head=ec2965b6ef22889a0258778368c36433023a3d6e steps=10
CI_JOB_SKIP_USES step=1 uses=actions/checkout@d23441a48e516b6c34aea4fa41551a30e30af803
CI_JOB_SKIP_USES step=2 uses=dtolnay/rust-toolchain@032958afbdc797a9164d3bc0b56325c1308924a5
CI_JOB_SKIP_USES step=3 uses=Swatinem/rust-cache@e18b497796c12c097a38f9edb9d0641fb99eee32
CI_JOB_STEP step=4 name='Compile and execute embedded falsifiers' cwd=.
[1m[92m    Finished[0m `test` profile [unoptimized + debuginfo] target(s) in 0.34s
[1m[92m     Running[0m unittests src/bin/old-estate-revops.rs (target/debug/deps/old_estate_revops-ca27438637ffc77a)

running 14 tests
test tests::dependency_only_repositories_never_construct ... ok
test tests::manifest_has_expected_repository_count ... ok
test tests::all_active_strategies_have_positive_scores ... ok
test tests::exact_authority_is_not_hierarchical ... ok
test tests::communication_refuses_without_exact_authority ... ok
test tests::exact_subject_receipt_rejects_non_sha ... ok
test tests::communication_authority_stops_at_brce ... ok
test tests::nano_stack_is_negative_evidence ... ok
test tests::ostar_cannot_actuate_external_outcomes ... ok
test tests::refused_false_friends_never_construct ... ok
test tests::manifest_invariants_are_closed ... ok
test tests::repository_lookup_accepts_full_name ... ok
test tests::exact_subject_receipt_is_signed_and_replayable ... ok
test tests::plan_is_deterministic ... ok

test result: ok. 14 passed; 0 failed; 0 ignored; 0 measured; 0 filtered out; finished in 0.00s

CI_JOB_STEP_PASS step=4 name='Compile and execute embedded falsifiers'
CI_JOB_STEP step=5 name='Deny planner-local clippy warnings' cwd=.
[1m[92m    Checking[0m ecosystem-core v26.8.23 (/Users/sac/chatman-ecosystem/crates/ecosystem-core)
[1m[92m    Checking[0m ecosystem-runtime v26.8.23 (/Users/sac/chatman-ecosystem/crates/ecosystem-runtime)
[1m[92m    Checking[0m ecosystem-cli v26.8.23 (/Users/sac/chatman-ecosystem/apps/ecosystem-cli)
[1m[92m    Finished[0m `dev` profile [unoptimized + debuginfo] target(s) in 2.52s
CI_JOB_STEP_PASS step=5 name='Deny planner-local clippy warnings'
CI_JOB_STEP step=6 name='Validate admitted old-estate manifest' cwd=.
{
  "invariants": [
    "one strategy per admitted repository",
    "mission + verifier + falsifier required",
    "dependency-only repositories never construct",
    "refused repositories carry typed refusals",
    "OSTAR simulation cannot become external truth",
    "chatman-nano-stack remains negative evidence",
    "external effects require exact authority and BRCE"
  ],
  "manifest_version": "old-estate-revops-dfcm-v1",
  "repository_count": 23,
  "unique_repositories": 23,
  "valid": true
}
CI_JOB_STEP_PASS step=6 name='Validate admitted old-estate manifest'
CI_JOB_STEP step=7 name='Prove default plan refuses external authority' cwd=.
CI_JOB_STEP_PASS step=7 name='Prove default plan refuses external authority'
CI_JOB_STEP step=8 name='Prove exact COMMUNICATE authority stops at BRCE' cwd=.
CI_JOB_STEP_PASS step=8 name='Prove exact COMMUNICATE authority stops at BRCE'
CI_JOB_STEP step=9 name='Prove exact external-object authority does not imply communication' cwd=.
CI_JOB_STEP_PASS step=9 name='Prove exact external-object authority does not imply communication'
CI_JOB_STEP step=10 name='Seal and verify exact-subject BLAKE3 planning receipt' cwd=.
CI_JOB_STEP_PASS step=10 name='Seal and verify exact-subject BLAKE3 planning receipt'
CI_JOB_PASS .github/workflows/old-estate-revops.yml#exact-head head=ec2965b6ef22889a0258778368c36433023a3d6e
COURT_GATE_PASS order=9 name=ci.old-estate-revops
COURT_GATE_RUN order=10 name=imported-receipts
MEMBER imported-receipts root=/Users/sac/chatman-ecosystem
  OK validator packs/receipt-provenance-unification-pack/generated/unified_receipt_validator.py = ggen-marketplace e3988aba4a85 (published on origin/release/v26.9.23-int), sha256 008ce23419325ebd
  OK receipts/v26.9.23/CE-INTAKE.json: dfcm_fleet_v1 valid; standing ALIVE at 77e3279a8bee (ancestor of HEAD)
  OK receipts/v26.9.23/CE23-0.json: dfcm_fleet_v1 valid; standing ALIVE at c59596f5506e (ancestor of HEAD)
  OK receipts/v26.9.23/CE23-1.json: dfcm_fleet_v1 valid; standing ALIVE at 527ffaf35044 (ancestor of HEAD)
  OK receipts/v26.9.23/CE23-12.gate/court-receipt-CE23-12.json: dfcm_fleet_v1 valid; standing ALIVE at 0cc590b51554 (ancestor of HEAD)
  OK receipts/v26.9.23/CE23-12.gate/r1-court-receipt-CE23-12.json: dfcm_fleet_v1 valid; standing ALIVE at 2d734c047e49 (ancestor of HEAD)
  OK receipts/v26.9.23/CE23-12.json: dfcm_fleet_v1 valid; standing ALIVE at 2d734c047e49 (ancestor of HEAD)
  OK receipts/v26.9.23/CE23-2.json: dfcm_fleet_v1 valid; standing ALIVE at 9fa340fe05f0 (ancestor of HEAD)
  OK receipts/v26.9.23/CE23-7.json: dfcm_fleet_v1 valid; standing ALIVE at d8cbc54591a4 (ancestor of HEAD)
  imported Semantic Manufacturing crowns in the release graph: 0 (the STOP and gate receipts are lifted by CE23-3 and judged by pack gate 090 + member chatman-stop; 0 until STOP=true)
MEMBER_ALIVE imported-receipts 8 release receipts validated, 0 imported crowns
COURT_GATE_PASS order=10 name=imported-receipts
COURT_GATE_RUN order=11 name=ci-dispositions
MEMBER ci-dispositions root=/Users/sac/chatman-ecosystem
  apply-release-ref-auth-repair.yml#apply-release-ref-auth-repair 'apply-release-ref-auth-repair' events=['pull_request']: judged by its check-run at the exact head
  calibrated-recovery-quorum-exact-head.yml#exact-head 'exact-head' events=['pull_request']: judged by its check-run at the exact head
  capabilities.yml#capability-contract 'capability-contract' events=[] uncertain=['pull_request']: judged by its check-run at the exact head
  crown.yml#crown 'CHATMAN ECOSYSTEM CROWN' events=['pull_request', 'push']: typed pre_existing/ROLE_BLOCKED
  crown.yml#cold-cache 'Cold-cache correctness' events=['pull_request', 'push']: local member ci.crown.cold-cache
  crown.yml#policy 'Dependency license and source policy' events=['pull_request', 'push']: typed pre_existing/ROLE_SUCCESSOR
  crown.yml#github-read 'Exact-head GitHub connector smoke' events=['pull_request', 'push']: judged by its check-run at the exact head
  crown.yml#fast 'Fast constitutional gates' events=['pull_request', 'push']: local member ci.crown.fast
  crown.yml#test 'Full behavior and negative fixtures' events=['pull_request', 'push']: local member ci.crown.test
  docs-vacuity.yml#audit 'audit' events=['pull_request']: typed pre_existing/ROLE_SUCCESSOR
  gall-crown.yml#gall 'S0-S3 exact-head crown' events=['pull_request', 'push']: local member ci.gall-crown
  gall.yml#external-subjects 'Observe IltonSeixas/rust-enterprise-boilerplate' events=['schedule']: judged by its check-run at the exact head
  gall.yml#external-subjects 'Observe JerryIdoko/GOAT-Network-Micro-Billing-Proxy' events=['schedule']: judged by its check-run at the exact head
  gall.yml#external-subjects 'Observe Marve10s/Better-Fullstack' events=['schedule']: judged by its check-run at the exact head
  gall.yml#external-subjects 'Observe RAprogramm/entity-derive' events=['schedule']: judged by its check-run at the exact head
  gall.yml#external-subjects 'Observe bitv1be/vk-bot-api' events=['schedule']: judged by its check-run at the exact head
  gall.yml#external-subjects 'Observe christopheduc-me/ai-agent-boilerplate' events=['schedule']: judged by its check-run at the exact head
  gall.yml#external-subjects 'Observe conjure-cp/uniplate' events=['schedule']: judged by its check-run at the exact head
  gall.yml#external-subjects 'Observe hyperlane-dev/hyperlane-broadcast' events=['schedule']: judged by its check-run at the exact head
  gall.yml#external-subjects 'Observe loft-games/service-daemon-rs' events=['schedule']: judged by its check-run at the exact head
  gall.yml#external-subjects 'Observe mathewaloisio97/rust-react-microservices-boilerplate' events=['schedule']: judged by its check-run at the exact head
  gall.yml#external-subjects 'Observe nothingnesses/agent-scaffold' events=['schedule']: typed environment/ROLE_SUCCESSOR
  gall.yml#external-subjects 'Observe praxiomlabs/mcpkit' events=['schedule']: judged by its check-run at the exact head
  gall.yml#external-subjects 'Observe systempromptio/systemprompt-template' events=['schedule']: judged by its check-run at the exact head
  gall.yml#external-subjects 'Observe tamaro-skaljic/SpacetimeDSL' events=['schedule']: judged by its check-run at the exact head
  github-smoke.yml#observe 'observe' events=['schedule']: judged by its check-run at the exact head
  mdbook.yml#build 'Build canonical mdBook' events=['pull_request', 'push']: judged by its check-run at the exact head
  mdbook.yml#deploy 'Deploy GitHub Pages' events=['pull_request', 'push']: judged by its check-run at the exact head
  mdbook.yml#expand-chateco 'Expand verified Chateco manuscript' events=['pull_request', 'push']: judged by its check-run at the exact head
  measure-process-trace-relation-msa.yml#verify 'verify' events=['pull_request']: judged by its check-run at the exact head
  measure-trace-relation-selector-realization-msa.yml#verify 'verify' events=['pull_request']: judged by its check-run at the exact head
  mfw-pypi-validation.yml#capsule-integrity 'capsule-integrity' events=['pull_request']: judged by its check-run at the exact head
  mfw-pypi-validation.yml#explicit-community-admission 'explicit-community-admission (paraspace, --load-module up_paraspace, up-paraspace)' events=['pull_request']: judged by its check-run at the exact head
  mfw-pypi-validation.yml#explicit-community-admission 'explicit-community-admission (tamerlite, --register tamerlite=tamerlite.engine:TamerLite, tamerlite)' events=['pull_request']: judged by its check-run at the exact head
  mfw-pypi-validation.yml#official-engine-closure 'official-engine-closure' events=['pull_request']: judged by its check-run at the exact head
  mfw-pypi-validation.yml#pyperplan-e2e 'pyperplan-e2e' events=['pull_request']: judged by its check-run at the exact head
  mfw-pypi-validation.yml#spiderplan-registration 'spiderplan-registration' events=['pull_request']: judged by its check-run at the exact head
  mfw-rust-python-val.yml#rust-python-val 'rust-python-val' events=['pull_request']: judged by its check-run at the exact head
  old-estate-revops.yml#exact-head 'Exact-head planner admission' events=['pull_request']: local member ci.old-estate-revops
  portfolio-survey.yml#survey 'survey' events=['schedule'] uncertain=['pull_request']: typed pre_existing/ROLE_SUCCESSOR
  qlever-crown.yml#qlever-crown 'qlever-crown' events=['pull_request']: judged by its check-run at the exact head
  quorum-sensor-admission-exact-head.yml#quorum-sensor-admission 'quorum-sensor-admission' events=['pull_request']: judged by its check-run at the exact head
  recovery-transaction-exact-head.yml#recovery-transaction 'recovery-transaction' events=['pull_request']: judged by its check-run at the exact head
  regime-current-recovery-exact-head.yml#exact-head 'exact-head' events=['pull_request']: judged by its check-run at the exact head
  release-control-plane.yml#manifest 'manifest' events=['pull_request', 'push']: local member ci.release-control-plane
  weaver-live.yml#weaver-capability-crown 'Execute every Weaver capability through Ash.Reactor' events=['pull_request', 'push']: typed pre_existing/ROLE_SUCCESSOR
  west-workspace.yml#manifest 'manifest' events=['pull_request', 'push']: judged by its check-run at the exact head
  west-workspace.yml#repository-qualification 'repository-qualification' events=['pull_request', 'push']: judged by its check-run at the exact head
MEMBER_ALIVE ci-dispositions universe=48 checks over 153 workflows (changed_files=603, truncated=True): {'local': 6, 'typed': 6, 'exact-head': 36}
COURT_GATE_PASS order=11 name=ci-dispositions
COURT_GATE_RUN order=12 name=replay
MEMBER replay root=/Users/sac/chatman-ecosystem
  OK release/v26.9.23: a cold render from a second scratch location replays the committed 13 files byte for byte
  OK release/v26.9.23/bench: a cold render from a second scratch location replays the committed 44 files byte for byte
  skip ['receipts/v26.9.23/CE23-12.json']: CE23-12-BenchmarkDesign is not a court gate of the goal root
  skip ['receipts/v26.9.23/CE23-12.json']: CE23-12-GeneratedQualificationPlan is not a court gate of the goal root
  skip ['receipts/v26.9.23/CE23-12.json']: CE23-12-MSAContract is not a court gate of the goal root
  COURT_RUN CE23-0: sh release/v26.9.23/courts/CE23-0.sh -> exit 75
  UNKNOWN[COURT_UNKNOWN:CE23-0] sh release/v26.9.23/courts/CE23-0.sh exit 75: ['UNKNOWN: CE23-0 machinery lands in a generated CE23 lane']
  COURT_RUN CE23-1: sh release/v26.9.23/courts/CE23-1.sh -> exit 1
  REFUSED[COURT_REFUSED:CE23-1] sh release/v26.9.23/courts/CE23-1.sh exit 1: ['REFUSED[VENDOR_COMMIT_UNPUBLISHED] V1: 6cfd0b7ad3891611486994240b7aed6b5e6dc3e6 is not on refs/remotes/origin/release/v26.9.23-int', "REFUSED[AV_HARNESS] AV M0: unmutated synthetic subject (control) not ALIVE: ['REFUSED[VENDOR_COMMIT_UNPUBLISHED] V1: 6cfd0b7ad3891611486994240b7aed6b5e6dc3e6 is not on refs/remotes/origin/release/v26.9.23-int']", "CE23-1 REFUSED ['AV_HARNESS', 'VENDOR_COMMIT_UNPUBLISHED']"]
  COURT_RUN CE23-12: sh release/v26.9.23/courts/CE23-12.sh -> exit 0
  OK CE23-12: exit 0 (CE23-12 ALIVE: 9 OK, 0 REFUSED, 0 UNKNOWN in 757.9s; standing BENCHMARK_DESIGN_ALIVE; NON_LLM_OPERATIONAL_ALIVE UNKNOWN for every class (n = 0))
  COURT_RUN CE23-2: sh release/v26.9.23/courts/CE23-2.sh -> exit 0
  OK CE23-2: exit 0 (CE23-2 ALIVE)
  COURT_RUN CE23-7: sh release/v26.9.23/courts/CE23-7.sh -> exit 0
  OK CE23-7: exit 0 (CE23-7 ALIVE)
MEMBER_REFUSED[COURT_REFUSED:CE23-1] replay 5 receipted gate courts replayed at HEAD
COURT_GATE_REFUSED order=12 name=replay exit=1
COURT_STOPPED order=12 name=replay: continuing the remaining members outside the rendered court (their verdicts are reported, never the rendered court's)
COURT_CONTINUE_RUN order=13 name=exact-head-ci
MEMBER exact-head-ci root=/Users/sac/chatman-ecosystem
  UNKNOWN[EXACT_HEAD_UNPUBLISHED] seanchatmangpt/chatman-ecosystem@ec2965b6ef22 is not published on GitHub (gh api exit 1): exact-head CI cannot be observed before the driver pushes this head
MEMBER_UNKNOWN[EXACT_HEAD_UNPUBLISHED] exact-head-ci head=ec2965b6ef22889a0258778368c36433023a3d6e
COURT_CONTINUE order=13 name=exact-head-ci exit=75
COURT_CONTINUE_RUN order=14 name=chatman-stop
MEMBER chatman-stop root=/Users/sac/chatman-ecosystem
  PROVISIONAL CE23-10 ALIVE: the root release receipt is rendered from this court's observation (circular)
  PROVISIONAL CE23-9 ALIVE: this court (a court cannot be a member of itself)
  crown gates ['CE23-0', 'CE23-1', 'CE23-10', 'CE23-12', 'CE23-12-BenchmarkDesign', 'CE23-12-GeneratedQualificationPlan', 'CE23-12-MSAContract', 'CE23-2', 'CE23-3', 'CE23-4', 'CE23-5', 'CE23-6', 'CE23-7', 'CE23-8', 'CE23-9']; admitted receipts projected onto ['CE23-0', 'CE23-1', 'CE23-12', 'CE23-12-BenchmarkDesign', 'CE23-12-GeneratedQualificationPlan', 'CE23-12-MSAContract', 'CE23-2', 'CE23-7']
  UNKNOWN[NO_ALIVE_RECEIPT:CE23-3] CE23-3 has no admitted ALIVE gate receipt (its court sh release/v26.9.23/courts/CE23-3.sh is the CE-INTAKE stub (exit 75): machinery absent)
  UNKNOWN[NO_ALIVE_RECEIPT:CE23-4] CE23-4 has no admitted ALIVE gate receipt (its court sh release/v26.9.23/courts/CE23-4.sh is the CE-INTAKE stub (exit 75): machinery absent)
  UNKNOWN[NO_ALIVE_RECEIPT:CE23-5] CE23-5 has no admitted ALIVE gate receipt (its court sh release/v26.9.23/courts/CE23-5.sh is the CE-INTAKE stub (exit 75): machinery absent)
  UNKNOWN[NO_ALIVE_RECEIPT:CE23-6] CE23-6 has no admitted ALIVE gate receipt (its court sh release/v26.9.23/courts/CE23-6.sh is the CE-INTAKE stub (exit 75): machinery absent)
  UNKNOWN[NO_ALIVE_RECEIPT:CE23-8] CE23-8 has no admitted ALIVE gate receipt (its court sh release/v26.9.23/courts/CE23-8.sh is the CE-INTAKE stub (exit 75): machinery absent)
  UNKNOWN[ORDERS_OPEN] 48 CE23 work orders under the goal root have no terminal receipt and are not Successor, e.g. ['WO-07e6e9b425164781', 'WO-07f0abac0da76137', 'WO-083d79e8831e232c', 'WO-0cefcc4a0a229e25']
  UNKNOWN[OPERATOR_ACCEPTANCE_ABSENT] GC23-12 successor acceptance (docs/sjira/v26.9.23/successor/ACCEPTED) is absent at the xaas component commit 6fd59588c2e0: operator-only edge, STOP=false until the operator commits it
  imported Semantic Manufacturing crowns rendered (pack gate 090 admitted): 0
MEMBER_UNKNOWN[NO_ALIVE_RECEIPT:CE23-3,NO_ALIVE_RECEIPT:CE23-4,NO_ALIVE_RECEIPT:CE23-5,NO_ALIVE_RECEIPT:CE23-6,NO_ALIVE_RECEIPT:CE23-8,ORDERS_OPEN,OPERATOR_ACCEPTANCE_ABSENT] chatman-stop CHATMAN_STOP=false (goal sj:stopQuery; CE23-9 and CE23-10 provisional)
COURT_CONTINUE order=14 name=chatman-stop exit=75
MEMBERS
   1 subject-clean              ALIVE    exit=0 court
   2 projection-drift           ALIVE    exit=0 court
   3 manifest-refs              ALIVE    exit=0 court
   4 ci.crown.fast              ALIVE    exit=0 court
   5 ci.crown.test              ALIVE    exit=0 court
   6 ci.crown.cold-cache        ALIVE    exit=0 court
   7 ci.gall-crown              ALIVE    exit=0 court
   8 ci.release-control-plane   ALIVE    exit=0 court
   9 ci.old-estate-revops       ALIVE    exit=0 court
  10 imported-receipts          ALIVE    exit=0 court
  11 ci-dispositions            ALIVE    exit=0 court
  12 replay                     REFUSED  exit=1 court [COURT_REFUSED:CE23-1]
  13 exact-head-ci              UNKNOWN  exit=75 continued [EXACT_HEAD_UNPUBLISHED]
  14 chatman-stop               UNKNOWN  exit=75 continued [NO_ALIVE_RECEIPT:CE23-3,NO_ALIVE_RECEIPT:CE23-4,NO_ALIVE_RECEIPT:CE23-5,NO_ALIVE_RECEIPT:CE23-6,NO_ALIVE_RECEIPT:CE23-8,ORDERS_OPEN,OPERATOR_ACCEPTANCE_ABSENT]
OK K rendered court exit 12 (stopped at member 12)
OK AV1 the exact-head CI law refuses the real check-runs of base c59596f5 (66 runs) for exactly ['Cold-cache correctness', 'Fast constitutional gates', 'Full behavior and negative fixtures', 'S0-S3 exact-head crown'] (6 refusals); every other non-success base check is typed
OK AV2 the disposition law admits the committed dispositions and refuses ['STALE_TYPED_CHECK', 'MEMBER_COMMAND_MISMATCH', 'DOUBLE_DISPOSITION']
OK AV3 the vendored validator admits receipts/v26.9.23/CE-INTAKE.json and refuses ['ALIVE with a replay exit 75', 'standing.value missing', 'subject_sha NOTASHA']; a foreign subject_sha is not an ancestor of HEAD
OK AV4 pack gate 090 refuses the lifted stale STOP crown (0/13, STOP=false; vendored fixture stale-r0) and admits the positive crown: CHATMAN_STOP cannot rest on the stale pushed receipt
CE23-9 REFUSED ['MEMBER:replay'] (1109s)
exit=1
